artist,track,peak_position,peak_position_grouped,weeks_in_charts,spotify_id,explicit,spotify_popularity
The Weeknd,Blinding Lights,1,1,31,0VjIjW4GlUZAMYd2vXMi3b,False,99
SAINt JHN,Roses,4,1,15,7fPuWrlpwDcHm5aHCH5D9t,True,85
Harry Styles,Watermelon Sugar,8,2,15,6UelLqGlWMcVH1E5c4H7lY,False,94
Lil Mosey,Blueberry Faygo,9,2,21,6wJYhPfqk3KGhHRG76WzOh,True,91
Harry Styles,Adore You,6,2,30,3jjujdWJ72nww5eGnfs2E7,False,88
Post Malone,Circles,1,1,44,21jGcNKet2qwijlDFuPiPb,False,91
Lil Baby,The Bigger Picture,3,1,3,44gRhRi2OhEf7moAUj6MD1,True,86
Roddy Ricch,The Box,1,1,30,0nbXyq5TXYPCO7pr3N8S4I,True,94
Maren Morris,The Bones,12,3,41,7yFhA2fUsL2oIMWlw5DaHQ,False,76
Trevor Daniel,Falling,17,4,33,4TnjEaWOeW0eKTKIEvJyCa,False,90
Dua Lipa,Break My Heart,20,4,14,1raaNykBg1bDnWENUiglUA,False,88
Gabby Barrett,I Hope,16,4,27,23T0OX7QOiIUFShSzbJ5Uo,False,73
Luke Bryan,One Margarita,22,5,9,6NhS5LwYbJ6xD7BGvlWRJO,False,78
Surfaces,Sunday Best,19,4,18,1Cv1YLb4q0RzL6pybtaMLo,False,92
Lewis Capaldi,Before You Go,25,5,22,7ce20yLkzuXXLUhzIDoZih,False,88
Drake,Toosie Slide,1,1,13,127QTOFJsJQp5LbJbu3A1y,True,93
Sam Hunt,Hard To Forget,26,6,14,10xuH52YSXHWFwCaF1fsDd,False,75
Megan Thee Stallion,Girls In The Hood,28,6,1,6WbTTAGKrQtCQvmc5BuYfh,True,78
StaySolidRocky,Party Girl,21,5,10,5RqR4ZCCKJDcBLIn4sih9l,False,94
Chris Brown & Young Thug,Go Crazy,30,6,8,1IIKrJVP1C9N7iPtG6eOsK,True,87
Morgan Wallen,Chasin' You,16,4,23,5MwynWK9s4hlyKHqhkNn4A,False,81
BLACKPINK,How You Like That,33,7,1,3vAn0qZzdyuHamcrpkfiX3,False,89
Miranda Lambert,Bluebird,33,7,13,0kPeZAyIhIfeZNrtfjJGDB,False,76
Lil Baby,Emotionally Scarred,31,7,18,7ge7BHazYbVKi8qyZUX1Bm,True,82
Maroon 5,Memories,2,1,41,2b8fOow8UzyDFAE27YhOZM,False,90
Blake Shelton Duet With Gwen Stefani,Nobody But You,18,4,25,5M8goiFYynmNxhueYW6grR,False,75
Pop Smoke,Dior,30,6,20,79s5XnCN4TJKTVMSmOx8Ep,True,85
Maddie & Tae,Die From A Broken Heart,45,9,12,1kFpL1itkwkdhO6kcmNJra,False,73
blackbear,Hot Girl Bummer,11,3,42,7aiClxsDWFRQ0Kzk5KI5ku,True,87
Kenny Chesney,Here And Now,38,8,13,7qRVyZDt1Caftkk8CQlKtk,False,73
Florida Georgia Line,I Love My Country,48,10,11,5blHL2xSCGv00fr1DGuvEf,False,73
Jason Aldean,Got What I Got,52,11,5,4TCc369aRPRubv1m8R1TBG,False,76
6ix9ine,Gooba,3,1,8,4NhDYoQTYCdWHTvlbGVgwo,True,92
Scotty McCreery,In Between,53,11,12,2IuazAsyvbb3fFZb0Uvsmk,False,72
Jhene Aiko,P*$$y Fairy (OTW),40,8,24,48KXAIruJ07kJVCWOGohMV,True,74
Keith Urban,God Whispered Your Name,60,12,11,7Ce11Oh1kConF6UlkBWnaZ,False,74
Don Toliver,After Party,57,12,11,527k23H0A4Q0UJN3vGs0Da,True,89
Chris Janson,Done,63,13,3,693NFnfJZt16AFDaZqlflo,False,72
LOCASH,One Big Country Song,65,13,5,28uL97M3whSL1UWqr7hsNh,False,74
Travis Denning,After A Few,31,7,14,1z6wl2rwKatfmza6usanWw,False,72
Justin Moore,Why We Drink,69,14,5,4lSfhHd5Knwl8yQw2cVjAD,False,72
Beyonce,Black Parade,37,8,2,2qzUpSVI4NnPyWxbXwumTj,True,82
Lee Brice,One Of Them Girls,73,15,5,14GwnOeC9qYEKEA6uOZepa,False,76
Bad Bunny,Yo Perreo Sola,53,11,16,0SqqAgdovOE24BzxIClpjw,False,90
Kane Brown,Cool Again,68,14,5,5P3oaNpPDVLRJsL3152SEs,False,75
Katy Perry,Daisies,40,8,7,4uqh9bualXNHXXwO2wPorc,False,85
Morgan Wallen,More Than My Hometown,61,13,3,6FniJZn4agmDtPx1pKZQsa,False,79
Ashley McBryde,One Night Standards,83,17,4,47qZzTLLJcuD69AIKnquo4,False,71
AJR,Bang!,86,18,2,53BHUFdQphHiZUUG3nx9zn,False,72
Polo G,21,62,13,6,3JKgcAa7r07ocVWcV8bS0H,True,84
The Weeknd,In Your Eyes,16,4,15,7szuecWAPwGoV1e5vGu8tl,True,91
Rod Wave,Girl Of My Dreams,84,17,7,65QRS8iMQ1TsQ93fPZIZ4i,True,75
Chloe X Halle,Do It,83,17,3,1bRjwdtScY2eMe9uMmsOkG,False,78
Eric Church,Stick That In Your Country Song,92,19,1,5lH14PEjAXYuMTz0Dd4L1D,False,65
Luke Combs,Lovin' On You,93,19,1,0nYvjcSlCgjcwogQAwIwNp,False,74
Parker McCollum,Pretty Heart,94,19,2,6vC90OOjZR165Hw8CpsqEm,False,68
Juice WRLD,Righteous,11,3,10,0OyQns5ayNK2OVaES0Vb8t,True,87
Breland,My Truck,92,19,2,6jGyDvL1Rf4XfwTb25o1HN,False,70
Tim McGraw,I Called Mama,99,20,1,3YuvAPidBWldqjagOryo40,False,69
NLE Choppa,Shotta Flow 5,54,11,3,1orjH4IkSH9VrWmRCToKV8,True,82
Billie Eilish,Everything I Wanted,8,2,33,3ZCTVFBt2Brf31RLEnCkWJ,False,89
J. Cole,Snow On Tha Bluff,54,11,2,1oOEkBNp4zWnkD7nWjJdog,True,80
A Boogie Wit da Hoodie,Bleed,57,12,1,5XzombolzpiaOSTdj1W0VS,True,77
twenty one pilots,Level Of Concern,23,5,11,6xZ4Q2k2ompmDppyeESIY8,False,83
J.I.,Need Me,95,19,2,2dzja72gQodveSpguIQGJl,True,79
Lil Baby,All In,45,9,8,1ZRjLZcNTm1vUgrexBp3px,True,69
Regard,Ride It.,62,13,10,2tnVG71enUj33Ic2nFN6kZ,False,89
Meek Mill,Otherside Of America,64,13,2,3JBvJ9PwrYA1oeUzI3FMRI,True,75
Carrie Underwood,Drinking Alone,74,15,7,4objxuNfJlJHomkRIPa2Y2,False,69
Sleepy Hallow,Deep End Freestyle,80,16,2,4zTPYAf5scZdp0LnwPPeWK,True,85
Zac Brown Band,The Man Who Loves You The Most,96,20,1,58DvikiJcEjow3Skg80yxX,False,72
Tones And I,Dance Monkey,4,1,36,2XU0oxnq2qxCpomAAuJY8K,False,93
"NAV, Gunna & Travis Scott",Turks,17,4,11,7IMwEtpAiJanqF6vQteZN2,True,73
Lil Uzi Vert,That Way,20,4,12,5raTDhlbxFDnpn89bxArdH,True,78
Brantley Gilbert,Hard Days,95,19,1,2AqbOAAgaNRygNIJYcM69I,False,62
Brett Young,Catch,29,6,17,53cGGBxGPaRjP0HVUESyW5,False,70
Kane Brown,Worldwide Beautiful,100,20,1,431M98gFekRc9HdNfgWc7N,False,72
Lady Gaga,Stupid Love,5,1,10,7yBbV2k2S2uhaQc24NF2xt,False,84
Lady Gaga,Alice,84,17,1,41A89rj3GoMG6ktN37L7PG,False,79
Lil Baby,Sum 2 Prove,16,4,20,2u3EyuCqqV31woqGvO9LBz,True,76
Gunna,Wunna,57,12,1,6HY3arOe4dD8UQ0oVDJ18E,True,75
Gunna,SkyBox,65,13,2,7GwYENSg87oERcW0Wacd6m,True,73
Gunna,Argentina,67,14,1,4LkEHc33eXcXFQNwxruw7W,True,72
Gunna,Met Gala,70,14,1,4loM16743hROPC6uIJG6wM,True,72
Agust D,Daechwita,76,16,1,0H4ugk6rhnXmTl47ayy9O5,True,80
Gunna,Nasty Girl / On Camera,78,16,1,2f8y4CuG57UJEmkG3ujd0D,True,73
Gunna,MOTW,84,17,1,0JZUiKHoEDpsLvXfeqbZxV,True,69
Gunna,Gimmick,86,18,1,3IaxObCWKEaGtIT78GsEpP,True,67
Polo G,Martin & Gina,61,13,2,1VLtjHwRWOVJiE5Py7JxoQ,True,78
Gunna,Feigning,98,20,1,7qaoXmlsSrndaQeDRPpOeW,True,68
Lewis Capaldi,Someone You Loved,1,1,54,7qEHsqek33rTcFNT9PFqLf,False,91
Future,Trapped In The Sun,53,11,1,6QeUzTuBoasiii8nevDciq,True,69
Future,Hard To Choose One,68,14,1,66z5CuZkqkb18VhFTRwbZk,True,68
Future,Ridin Strikers,69,14,1,6PHbWsTTlmQKF9i9VC1KFv,True,68
Future,Hitek Tek,71,15,1,5v1STk4ZTTDrhgCs6LD3nd,True,67
Future,Too Comfortable,75,15,1,0biVzpdI2z0vAxwfU9xuuA,True,70
Future,Posted With Demons,79,16,1,7enaBBJnekyUCcXRuwGEH6,True,66
Future,Touch The Sky,81,17,1,29s4u1adFGLWtGehbR5xkq,True,66
Future,One Of My,82,17,1,12ZpiGAd2uPgJiofgoZMue,True,66
Polo G,Beautiful Pain (Losin My Mind),92,19,1,4SIB2yxKoFOrbkjA4zfQbB,True,75
Polo G,33,93,19,1,2iW6Hb6kfrz2K7EhPibFiq,True,74
Polo G,I Know,95,19,1,40j4RoqmLiivqzRObbQ4BF,True,74
Moneybagg Yo,Me Vs Me,88,18,2,1lUTmmPMAsxZBR2iK9CKDF,True,69
Rod Wave,Heart On Ice,25,5,27,6fWa5CRgy0z30OeGZyMBvD,True,80
Kehlani,Toxic,68,14,1,5nexAvWNhwg51EavnDgViy,True,75
Ingrid Andress,More Hearts Than Mine,30,6,20,0LcspVKJxhEQQSvVMiTPWz,False,68
Demi Lovato,I Love Me,18,4,10,2IHLaN6wwYKQ3S24NsQqpA,True,79
Luke Combs,Six Feet Apart,58,12,2,3aMUiKCIXJeurR5ppEMJZD,False,75
Lil Durk,Viral Moment,91,19,1,6w8vxB8I2QKZupDfxg9QTe,True,62
Jake Owen,Homemade,39,8,16,31JID2STTlLuFqXFWHyM8e,False,68
Drake,Time Flies,30,6,2,5H4mXWKcicuLKDn4Jy0sK7,True,76
Jordan Davis,Slow Dance In A Parking Lot,37,8,19,6MBUUSIWCzaXW4q58Ktrv9,False,74
Halsey,You Should Be Sad,26,6,18,7lidXGPXPYLNThITAOTlkK,True,84
Drake,Deep Pockets,32,7,1,3IvMYBE7A3c7to1aEcfFJk,True,71
Drake,When To Say When,35,7,1,5TCBWmEBrin7etRa4Lswr1,True,72
Drake,Landed,39,8,1,3KixNgUEaDtrKJVzdqjU5q,True,73
Drake,From Florida With Love,45,9,1,0YkUwXxnTkeJBvt5upeEtP,True,72
Drake,Losses,51,11,1,6fLVTVaHWaEfVKfEgbkf4D,True,69
Drake,War,52,11,1,1I55Ea0zVoSKs6MqW7DQ3i,True,74
Lil Baby,Social Distancing,65,13,1,1RrQK0BIyxZaOooNDVSEaZ,True,71
Lil Baby,Low Down,81,17,1,5m0yZ33oOy0yYBtdTXuxQe,True,67
Lil Baby,Humble,86,18,1,6heRfvHrUIIPx9TqRg8SCq,True,67
DaBaby,Find My Way,22,5,5,1gVCEnryJhkdQcuC0Kbvor,True,80
Arizona Zervas,Roxanne,4,1,26,696DnlkuDOXcMAnKlTgXXK,True,90
The Weeknd,Heartless,1,1,23,6bnF93Rx87YqUBLSgjiMU8,True,82
Travis Scott,HIGHEST IN THE ROOM,1,1,22,3eekarcy7kvN4yt5ZFzltW,True,90
Dan + Shay & Justin Bieber,"10,000 Hours",4,1,30,2wrJq5XKLnmhRXHIAf9xBa,False,86
Travis Scott,Goosebumps,32,7,35,6gBFPUFcJLzWGx4lenP6h2,True,91
Lil Uzi Vert,Sasuke,65,13,1,0ROE31C8Wu4neZoR9stM9e,True,70
YoungBoy Never Broke Again,Diamonds,86,18,1,7jx8tZVzfOAYK6bwP1mwqN,True,64
Lil Uzi Vert,Myron,13,3,7,56uXDJRCuoS7abX3SkzHKQ,True,84
Megan Thee Stallion,Captain Hook,74,15,4,1E3VQQWFQAPJkXfYHjqWoI,True,79
YoungBoy Never Broke Again,Rough Ryder,92,19,1,73C80fhriFzangrzWVO4Zp,True,61
Alicia Keys,Underdog,69,14,5,3FGiFUJRRp5RGikVrs6kig,False,80
"Bad Bunny, Jowell & Randy & Nengo Flow",Safaera,81,17,7,2DEZmgHKAvm41k4J3R2E9Y,True,90
Playboi Carti,@ MEH,35,7,1,5UusfWUMMLEXLMc1ViNZoe,True,77
DaBaby,BOP,11,3,30,6Ozh9Ok6h4Oi1wUSLtBseN,True,85
DaBaby,BLAME IT ON BABY,64,13,1,0jWm0VyD8p3MrSInczpows,True,71
Karol G & Nicki Minaj,Tusa,42,9,21,0MvxgmXHMXh70GpnR0mKkT,False,54
DaBaby,TALK ABOUT IT,74,15,1,3QSLoxRguKgK0knOG7EGyn,True,66
DaBaby,CHAMPION,85,17,1,19eeh4pgEGHdSTc26U1y89,False,67
Kelly Clarkson,I Dare You,86,18,1,0o58NWBiVXewJNfNDKQyjw,False,67
Tory Lanez,Broke In A Minute,64,13,2,4xqIYGwwZTEem9U8A42SPF,True,81
Tory Lanez,Stupid Again,54,11,1,1fPnUpoXCpD2NDI4vPVeLw,True,74
Selena Gomez,Boyfriend,59,12,1,4QnC1bIaMSfDQvF4XDhV5M,False,76
Luke Bryan,What She Wants Tonight,46,10,17,5M3v6frAiTyqenNAeQVcxC,False,67
Polo G,DND,84,17,1,58GJNfq2m0Qr5nIUCDbXVQ,True,73
Dustin Lynch,Ridin' Roads,47,10,20,2VPmBOuy7ZAOFSzKwW2IEt,False,71
Taylor Swift,The Man,23,5,8,3RauEVgRgj1IuWdJ9fDs70,False,81
"Lil Yachty, Drake & DaBaby",Oprah's Bank Account,55,11,6,7wsmIIm0xWmtP7TmACXkJn,True,80
Lil Uzi Vert,P2,11,3,6,3kW4z2pIj5VY5fLjBrMRL5,True,83
Justin Bieber,Yummy,2,1,15,41L3O37CECZt3N7ziG2z7l,False,83
Megan Thee Stallion,B.I.T.C.H.,31,7,10,06scTb0zbkxYNgpAB3J9fN,True,67
Doja Cat,Boss Bitch,100,20,1,78qd8dvwea0Gosb6Fe6j3k,False,89
Kane Brown,Homesick,35,7,21,30RZAuEkYeDXvy46Iv6l7E,False,73
Rod Wave,Fuck The World,64,13,1,4zbSIYErBaRCPiZeodadtS,True,66
Rod Wave,Pray 4 Love,67,14,1,4Uxr9N0AWejJFBy3qyXprX,True,63
Rod Wave,Thief In The Night,74,15,1,0KVNgZI1y3YTITnwITuEvj,True,65
Future,Tycoon,76,16,1,1c9hQ4jqgVP10plon2B259,True,64
Rod Wave,I Remember,77,16,1,5B47BFhAuIzJ6ZwxZPVI1i,True,61
Rod Wave,The Greatest,78,16,1,4tnLapnaoDS46c9CBRUqpE,True,71
Rod Wave,Ribbon In The Sky,84,17,1,5qPfvvKDCoXG3rzgztsJQG,True,65
The Weeknd,After Hours,20,4,7,2p8IUWQDrpjuFltbdgLOag,False,83
Rod Wave,Thug Life,95,19,1,5naCF6qs5PXR4UTGecayNP,True,60
Jonas Brothers,What A Man Gotta Do,16,4,12,4wNIkl5XGiAACjFBlDWuSd,False,84
Rod Wave,No Weakness,99,20,1,7u5awC3KHNZTfHcnFwZdAb,True,61
Lil Baby,Woah,15,3,21,598yNsG1JFrGd4n2kMoz7F,True,77
Dua Lipa,Physical,60,12,2,3AzjcOeAmA57TIOr9zF1ZW,False,84
YoungBoy Never Broke Again,Make No Sense,57,12,20,6klLvorLoo1sxvZcjJIY8I,True,78
The Weeknd,Save Your Tears,41,9,2,5QO79kh1waicV47BqGRL3g,True,79
Bad Bunny,La Dificil,33,7,5,6NfrH0ANGmgBXyxgV2PeXt,True,87
Bad Bunny,Si Veo A Tu Mama,32,7,5,41wtwzCZkXwpnakmwJ239F,False,85
Bad Bunny,Vete,33,7,18,5DxXgozhkPLgrbKFY91w0c,True,81
Lil Uzi Vert,Baby Pluto,6,2,4,7hav1MHURQf5SAoPk0egqh,True,76
The Weeknd,Alone Again,21,5,1,6b5P51m8xx2XA6U7sdNZ5E,True,73
The Weeknd,Scared To Live,24,5,1,4BGZF4oLbTL0pWm7C18pbv,True,74
The Weeknd,Hardest To Love,25,5,1,6kWxIqQDsKFYCJGbU4AjCX,True,74
The Weeknd,Too Late,28,6,1,2K9Ovn1o2bTGqbsABGC6m3,True,73
The Weeknd,Snowchild,32,7,1,3WlbeuhfRSqU7ylK2Ui5U7,True,72
The Weeknd,Escape From LA,39,8,1,1sOW4PuG5X3Ie3EXUhAopJ,True,74
The Weeknd,Faith,45,9,1,3orEOtd8CPL8GFlpRpKuoE,True,73
Selena Gomez,Lose You To Love Me,1,1,23,4l0Mvzj72xxOpRrp6h8nHi,False,84
Kelsea Ballerini,homecoming queen?,65,13,13,1s71G3V7XQaVo5IOR6gLbp,False,65
The Weeknd,Repeat After Me (Interlude),69,14,1,40U8d12pC5UHqmHwXjHjjl,True,70
The Weeknd,Until I Bleed Out,80,16,1,2BcnxwxBuar5wjCaLqm5N3,True,69
Sam Smith,To Die For,46,10,6,2ZTYlnhhV1UAReg7wIGolx,False,80
Lil Uzi Vert,Lo Mein,8,2,3,6CUP2khYzdphXebxVTfPE3,True,76
Lizzo,Good As Hell,3,1,30,07Oz5StQ7GRoygNLaXs2pd,False,80
Lil Uzi Vert,Lotus,45,9,1,4SnlSaLJJ7reJMCHM5YUuX,True,67
Lil Uzi Vert,Silly Watch,9,2,2,5egD7A5x9AHdVO2fMo3Wbo,True,72
Lil Uzi Vert,Moon Relate,62,13,1,4sWGHlZGM1XA7TyWdtBAbA,True,67
Lil Uzi Vert,I Can Show You,66,14,1,0AhJag7VI8uFf3mJFsTwvf,True,66
Jason Aldean,We Back,62,13,16,6UL2RC5J2vMau9KOMKQfJg,False,66
Lil Uzi Vert,Trap This Way (This Way),68,14,1,7vTspUAmMKFkUpKL9HLZNL,True,68
Riley Green,I Wish Grandpas Never Died,66,14,12,7Dxes6VnfbZYV0S2QTnVuT,False,73
Lil Uzi Vert,Homecoming,22,5,2,6vxU64pcIuQ38O015Zy4qj,True,71
Lil Uzi Vert,Come This Way,83,17,1,2BjNjFJAQTxqUPGpOnrese,True,66
Don Toliver,Cardigan,90,18,1,0Li1OuXXfi7950ilZUFGkF,False,77
Lil Uzi Vert,Futsal Shuffle 2020,5,1,11,2Ec33AVlkTTq8BHFgBTdQs,True,75
Lil Uzi Vert,Prices,25,5,2,4YcWzLSnGqLjSCycuSMHnn,True,72
Lil Uzi Vert,POP,28,6,1,1jDbQz6tr52WgScCTXMnaN,True,65
Lil Uzi Vert,Bigger Than Life,33,7,1,2oHDJHNondITqbl8xZ9vPn,True,69
Lil Uzi Vert,Celebration Station,34,7,1,25B5fGr9K0VdZJiRFsnMO4,True,68
Lil Uzi Vert,You Better Move,36,8,1,6YAxCn4juTWn5hWl2hzHGw,True,67
Lil Uzi Vert,Venetia,39,8,1,3BYIzNZ3t9lRQCACXSMLrT,True,70
Lil Uzi Vert,Chrome Heart Tags,45,9,1,46mT9NR7N9Zf5MolcrBgE3,True,65
Lil Uzi Vert,Bust Me,51,11,1,4wBcaYqLPm7EtDVoJQORU4,True,65
Lil Uzi Vert,Secure The Bag,72,15,1,7gHZGXSJzM29WA384suYY2,True,64
Jhene Aiko,Triggered,51,11,4,3zPgAKn5tbmCuCKrR3r7qE,True,70
BrockHampton,SUGAR,66,14,9,6U0FIYXCQ3TGrk4tFpLrEA,True,83
Billie Eilish,Bad Guy,1,1,49,2Fxmhks0bxGSBdJ92vM42m,False,90
Sam Hunt,Kinfolks,34,7,21,53F1MVa1BWUkTBbVqgVAfN,False,70
Old Dominion,One Man Band,20,4,28,7cA3PnUQDlUyBBwpRozQeo,False,65
Lil Baby,Get Ugly,54,11,1,5XJciZ5Bj0IjPrcnNU7gvB,True,63
Lil Baby,How,59,12,1,5CLMG0eAitcBauIR8zPukZ,True,62
Bad Bunny,Pero Ya No,63,13,1,75pQqzwgCjUOSSy5CpmAjy,False,78
BTS,ON,4,1,2,2QyuXBcV1LJ2rq01KhreMF,False,81
YoungBoy Never Broke Again,Lil Top,28,6,2,1aMokXl3uKDvCh4BBcjFOA,True,73
Lil Baby,Same Thing,78,16,1,2XEsbmynS9dLSzNSuZzfXF,True,63
Jimmie Allen,Make Me Want To,49,10,10,0AYbVoeF03NYhM0fvKjAuU,False,66
Ashe,Moral Of The Story,71,15,2,2nC3QhMI9reBIOWutbU3Tj,True,82
Bad Bunny,Solia,94,19,1,7sOfmPd18RWp3FoCzpa7Kw,True,76
Billie Eilish,No Time To Die,16,4,3,73SpzrcaHk0RQPFP73vqVR,False,82
SHAED,Trampoline,13,3,39,0lsRatBUs9HNIZAmoGABzk,False,71
Jonas Brothers,Sucker,1,1,47,22vgEDb5hykfaTwLuskFGD,False,85
Ed Sheeran & Justin Bieber,I Don't Care,2,1,39,2Xqm0jHnkvjzrkkVRInzUB,False,48
YoungBoy Never Broke Again,Red Eye,47,10,1,3qHgGyJY4GpXNOK4WL4NSo,True,66
Jonas Brothers,Only Human,18,4,36,0DiDStADDVh3SvAsoJAFMk,False,80
YoungBoy Never Broke Again,Fine By Time,58,12,1,0KVEBQA98JvkmB5ZydQ13k,True,62
YoungBoy Never Broke Again,Bad Bad,59,12,1,2OUY5NdALupSoIQN9ZBH1a,True,66
YoungBoy Never Broke Again,Knocked Off,60,12,1,7MYFKS7XpVz1JQDK38pr8N,True,64
YoungBoy Never Broke Again,RIP Lil Phat,80,16,1,5YEAvnL3klXUE7etBXvMlp,True,61
BTS,My Time,84,17,1,4vTgx6h4seHvkuFh84JXYP,False,76
YoungBoy Never Broke Again,Long RD,85,17,1,4RhRDVXc3xFojyyjyh1jmN,True,59
BTS,Filter,87,18,1,0ono6UCNVZ1XqOm6j78Blu,False,78
YoungBoy Never Broke Again,Bat Man,89,18,1,6fEdWrEYspdneQMNIT33I4,True,59
Selena Gomez,Rare,30,6,7,7HMmFQsKsljwTw8bS7lu19,False,77
A Boogie Wit da Hoodie,Me And My Guitar,58,12,2,6cZH4rX1KTt1aJ3Ql6Ynja,True,76
Selena Gomez,Feel Me,98,20,1,6XXYdF6pJR1K3wKvuxmu7n,False,74
Lizzo,Truth Hurts,1,1,42,3HWzoMvoF3TQfYg4UPszDq,True,80
A Boogie Wit da Hoodie,Thug Love,73,15,1,4MzhmCOgPB7xb87f1CXjlA,True,65
Nicki Minaj,Yikes,23,5,2,75dLEqanQTupF3dtP9exT5,True,76
Justin Bieber,Come Around Me,86,18,1,2o9LAypwGH4ctV0i9boo6d,False,74
A Boogie Wit da Hoodie,King Of My City,69,14,3,3o0nkjyy6eZL5lZcEpvJec,True,67
A Boogie Wit da Hoodie,Cinderella Story,95,19,1,18AIesWCXvIbXu8RqQw1E1,True,62
Justin Bieber,Habitual,98,20,1,40qyPyljksBEqlNw5sW37T,False,71
Justin Bieber,All Around Me,100,20,1,5Py8zRKGkZvgHniVVtvNCN,False,70
Luke Combs,Even Though I'm Leaving,11,3,24,5Fhe63YOMZsGdB3CgCDuBi,False,75
Jon Pardi,Heartache Medication,42,9,20,6ZvAXIWw3rw8WR0Xlmifri,False,68
DaBaby,VIBEZ,21,5,20,0fySG6A6qLE8IvDpayb5bM,True,81
Joji,Run,68,14,1,6p8eEdiZLKJH8tcjGZuNTK,False,76
Anuel AA,KEII,83,17,1,5eEQCfq7MXQr6aHLNRUZLs,False,81
Don Toliver,No Idea,43,9,11,7AzlLxHn24DxjgQX73F9fU,False,84
Niall Horan,No Judgement,97,20,1,5IUOU5xkzGHsRFOYNu3GSK,False,76
Baby Keem,ORANGE SODA,98,20,3,5FkoSXiJPKTNyYgALRJFhD,True,78
Taylor Swift,Only The Young,50,10,1,2slqvGLwzZZYsT4K4Y1GBC,False,71
Demi Lovato,Anyone,34,7,2,18ssFhD04lWo1RzpcohnrG,True,68
Lil Wayne,Mahogany,61,13,1,5f9JYuHSIHjp6rggue13RS,True,60
Mac Miller,Good News,17,4,4,1DWZUa5Mzf2BwzpHtgbHPY,False,76
Lil Wayne,Mama Mia,87,18,1,7K8vPC3GPWafq2zXHuUGXz,True,57
Lil Wayne,Funeral,88,18,1,4y1GxT1XnufGddKkrFkbtC,True,51
NLE Choppa,Camelot,37,8,20,4sWuPniHClkInYAnzXAYUF,True,81
Lil Nas X,Panini,5,1,32,4SDgTLDYrJ2UrHbkRkg7MD,False,79
Halsey,Graveyard,34,7,20,2ufmtcIFdFpuUYBPXK5f67,False,80
Mac Miller,Blue World,38,8,2,2hwOoMtWPtTSSn6WHV7Vp5,True,75
Eminem,Darkness,28,6,2,5SiZJoLXp3WOl3J4C8IK0d,True,72
Camila Cabello,First Man,94,19,1,6TRt2bniIq0EIlrDlje7b8,False,70
Ali Gatie,What If I Told You That I Love You,95,19,1,74D7JUfU6HYeMx4bZhsHnG,False,76
Mac Miller,Circles,48,10,1,4jXl6VtkFFKIt3ycUQc5LT,False,69
BTS,Black Swan,57,12,1,24NuEDgyRIljwSyY0lsr7b,False,75
Mac Miller,Complicated,63,13,1,3WfSNAoj2D8C9noPSGZZFM,False,64
Mac Miller,Hand Me Downs,64,13,1,2Yv2mHzr5AQavVdwQjEokV,False,66
Eminem,Premonition (Intro),67,14,1,7ccTcabbJlCJiIqtrSSwBk,True,69
Mac Miller,I Can See,68,14,1,3R8CyhJfVjvgIROd5RSGhQ,False,62
Eminem,In Too Deep,71,15,1,7Dj2wqPYXfSRFwa6qyOztr,True,69
Mac Miller,Woods,75,15,1,3Qa944OTMZkg8DHjET8JQv,False,65
Mac Miller,Everybody,80,16,1,1OuN92HcVG6NVpWbeESNB3,False,63
Eminem,Marsh,83,17,1,34d7sGX6WUqq8f04e7CSNF,True,69
Mac Miller,Surf,91,19,1,1kwnxJNVl7cwcU98RvMBaR,False,66
Eminem,Stepdad,93,19,1,3QVHSV8YKYq4L8tI5rnFgj,True,68
Mac Miller,That's On Me,100,20,1,0udOCZp7yk0Ml92C0k8H8D,False,61
Khalid,Talk,3,1,46,6TqXcAFInzjp0bODyvrWEq,False,78
Lady Antebellum,What If I Never Get Over You,40,8,21,0qkdE1C0ufnUISKwhg8Wh6,False,71
Taylor Swift,Lover,10,2,22,1dGr1c8CrMLDpV6mPbImSI,False,80
Summer Walker,Playing Games,16,4,20,2xyx0o4xNOLLjBSbOOdcbA,True,77
Thomas Rhett,Remember You Young,53,11,18,3LK6wDkhbTyg8GhJidU9oC,False,68
Khalid,Eleven,83,17,1,18O00Y7yrkJ0pRXm1n21Og,False,76
John Legend,Conversations In The Dark,86,18,1,6TYlDTa9AQDvjqwbxlvFyI,False,72
Selena Gomez,Look At Her Now.,27,6,4,7eOkHIcaoUhngxxypM5Ajr,False,76
Niall Horan,Nice To Meet Ya,63,13,14,3cphb8kdsjElYR7r5icK3H,False,77
Olivia Rodrigo,All I Want,90,18,2,4Yxc55NX3tAXC2mHRAhtcW,False,77
DaBaby,Suge,7,2,37,2gwkD6igEhQbDQegRCcdoB,True,81
Lil Tjay,20/20,94,19,1,4Hqh0dS4x07zuRw6eBTO7p,True,73
Joji,Slow Dancing In The Dark,69,14,13,0rKtyWc8bvkriBthvHKY8d,True,84
Ant Saunders,Yellow Hearts,81,17,8,2W4yABdLc4Jnds67Poi5Nl,False,80
Juice WRLD,Let Me Know (I Wonder Why Freestyle),78,16,3,3wwo0bJvDSorOpNfzEkfXx,True,77
"DJ Snake, J. Balvin & Tyga",Loco Contigo,95,19,2,6osaMSJh9NguagEDQcZaKx,False,82
Doja Cat,Candy,86,18,6,1VJwtWR6z7SpZRwipI12be,True,77
Mariah Carey,All I Want For Christmas Is You,1,1,37,0bYg9bo50gSsH3LtXe2SQn,False,64
Brenda Lee,Rockin' Around The Christmas Tree,2,1,32,2EjXfH91m7f8HiJN1yQg97,False,54
Bobby Helms,Jingle Bell Rock,3,1,30,3hBXvHLlTHvnbwrPbeoyAj,False,53
Burl Ives,A Holly Jolly Christmas,4,1,15,65Q2mv3UlVi9eO70OpsmSe,False,44
Andy Williams,It's The Most Wonderful Time Of The Year,7,2,15,5hslUAKq9I9CG2bAulFkHN,False,51
Wham!,Last Christmas,11,3,14,2FRnf9qhLbvw8fu4IBXx78,False,59
Jose Feliciano,Feliz Navidad,12,3,9,0oPdaY4dXtc3ZsaG17V972,False,46
Dean Martin,"Let It Snow, Let It Snow, Let It Snow",15,3,8,2uFaJJtFpPDc5Pa95XzTvg,False,48
Nat King Cole,The Christmas Song (Merry Christmas To You),11,3,21,4PS1e8f2LvuTFgUs1Cn3ON,False,48
The Ronettes,Sleigh Ride,21,5,7,5ASM6Qjiav2xPe7gRkQMsQ,False,45
Gene Autry,Rudolph The Red-Nosed Reindeer,16,4,8,1dtIaSlyrLI04sqYa8nLyN,False,35
Andy Williams,Happy Holiday / The Holiday Season,24,5,4,3sDdyBHQ60Cs1opmIyRvhp,False,35
Perry Como And The Fontane Sisters With Mitchell Ayres And His Orchestra,It's Beginning To Look A Lot Like Christmas,28,6,4,2pXpURmn6zC5ZYDMms6fwa,False,47
Darlene Love,Christmas (Baby Please Come Home),29,6,3,46pF1zFimM582ss1PrMy68,False,42
Kelly Clarkson,Underneath The Tree,31,7,5,3YZE5qDV7u1ZD1gZc47ZeR,False,44
Gene Autry,Here Comes Santa Claus (Right Down Santa Claus Lane),28,6,6,25leEEaz1gIpp7o21Fqyjo,False,41
Chuck Berry,Run Rudolph Run,36,8,5,2pnPe4pJtq7689i5ydzvJJ,False,49
Perry Como,(There's No Place Like) Home For The Holidays,32,7,3,5mKxNjNnRFpO9Muzw3Ug0u,False,31
Elvis Presley,Blue Christmas,40,8,2,3QiAAp20rPC3dcAtKtMaqQ,False,48
Bing Crosby,White Christmas,12,3,16,4so0Wek9Ig1p6CRCHuINwW,False,48
Frank Sinatra,Jingle Bells,43,9,2,4KV9bM7a1KDc7b7OakFZic,False,43
Jonas Brothers,Like It's Christmas,44,9,4,1OjmlSFuzYflWjSMTCyTJv,False,48
Dean Martin,Baby It's Cold Outside,45,9,1,4MrfQL4TYQXJBlZYpAHTuE,False,41
Juice WRLD,Lucid Dreams,2,1,48,285pBltuF7vW8TeWk8hdRR,True,88
Harry Styles,Falling,62,13,1,1ZMiCix7XSAbfAJlEZWMCp,False,86
Harry Styles,Lights Up,17,4,5,4jAIqgrPjKLTY9Gbez25Qb,False,84
YoungBoy Never Broke Again,Dirty Iyanna,67,14,1,3z2q4KZxGOotjB87arytei,True,56
NLE Choppa,Famous Hoes,83,17,1,35Xf2ABjPzUXKz19akd7Jj,True,71
Harry Styles,Cherry,84,17,1,2IOFZdYYkFxEHVz1w34PoL,False,78
Harry Styles,Golden,86,18,1,45S5WTQEGOB1VHr1Q4FuPl,False,79
Matt Stell,Prayed For You,36,8,20,4j6GMcVcqZf1r0GDqMtYp6,False,70
Harry Styles,She,99,20,1,6SQLk9HSNketfgs2AyIiMs,False,75
Juice WRLD,Legends,29,6,3,1Knctxx9vGZxpZfF66BIEa,True,82
Juice WRLD,Robbery,27,6,19,6Hj9jySrnFppAI0sEMCZpJ,True,86
Taylor Swift,Christmas Tree Farm,59,12,1,2mvabkN1i2gLnGAPUVdwek,False,57
Juice WRLD,Empty,41,9,4,41MCdlvXOl62B7Kv86Bb1v,True,78
Keith Urban,We Were,65,13,15,6JOeNbZ3X6dtXusG3hkHn8,False,64
Roddy Ricch,Big Stepper,98,20,1,6x0QNM6f0C2JEjK0hFF8Ca,True,66
Sam Smith,How Do You Sleep?,24,5,20,6b2RcmUt1g9N9mQ3CbjX2Y,False,84
NF,Time,41,9,20,6MxMqCgqmekcr0VwSU7AVH,False,76
Billie Eilish,All The Good Girls Go To Hell,46,10,7,6IRdLKIyS4p7XNiP8r6rsx,False,80
Trippie Redd,Who Needs Love,58,12,2,2ktxr00GpTtbMNeBjNeY8D,True,76
Kanye West,Follow God,7,2,6,2QpGZOhTCHHiKmpSO9FW4h,False,76
Lil Tjay,F.N,56,12,14,0RLLvYBopDwooCyvnTwgYu,True,81
Panic! At The Disco,Into The Unknown,98,20,2,421eObjg0DTm2qajJl5OJm,False,75
J Balvin & Bad Bunny,La Cancion,84,17,8,048cMMwTJ7M7Fm1s41boVx,False,29
Marshmello & Kane Brown,One Thing Right,36,8,23,6oyjdvxHhDvLhq7EJaVNTV,False,43
Trippie Redd,Love Me More,79,16,2,6uYgCE2OEulOw5zhHvZsHf,True,72
Y2K & bbno$,Lalala,55,11,21,51Fjme0JiitpyXKuyQiCDo,True,85
Kenny Chesney,Tip Of My Tongue,73,15,20,40ufL61vEaDaaOitYhnlQ7,False,65
Chris Janson,Good Vibes,48,10,13,49oBFP6ZHPtd6t33LFTD3E,False,62
"Megan Thee Stallion, Nicki Minaj & Ty Dolla $ign",Hot Girl Summer,11,3,16,5N1o6d8zGcSZSeMFkOUQOk,True,76
YoungBoy Never Broke Again,Lonely Child,44,9,7,6xqZi5JTTk6XIMLvy7w5JJ,True,65
Camila Cabello,Liar,52,11,11,7LzouaWGFCy4tkXDOOnEyM,False,77
Russell Dickerson,Every Little Thing,50,10,12,3kgCJPXDlnL5bl1HFesHUi,False,72
Chris Lane,I Don't Know About You,39,8,20,3yOs8FffuG6hPbzQG9lIqV,False,73
Khalid,Up All Night,89,18,1,1mpD5Q8IM32I4bF6eCpU74,False,79
YoungBoy Never Broke Again,Self Control,50,10,11,4vSoyDfL0uZyUoWu5NNNsQ,True,73
Saweetie,My Type,21,5,20,5KBARWIxeMGkvUax9VtVC9,True,78
Luke Combs,Better Together,72,15,1,6gdLyYNuhWBzqwlOFSsXC7,False,74
Miranda Lambert,It All Comes Out In The Wash,70,14,2,41FLEFSeRCv19OBn0vLiaH,False,61
YoungBoy Never Broke Again,Hot Now,66,14,5,3eeyKNIBrt5TH4y0y3QkOu,True,70
24kGoldn,Valentino,92,19,1,6piAUJJQFD8oHDUr0b7l7q,True,78
Brantley Gilbert + Lindsay Ell,What Happens In A Small Town,53,11,14,44UTzjhEM825Sw0qC89oGK,False,55
Dierks Bentley,Living,51,11,16,54K7AZoGpQklpygKrxZlKN,False,68
21 Savage,Immortal,55,11,2,4IO8X9W69dIQe0EC5ALXhq,True,74
Taylor Swift,You Need To Calm Down,2,1,21,6RRNNciQGZEXnqk8SQ9yv5,False,82
Kanye West,Closed On Sunday,17,4,2,3JWiDGQX2eTlFvKj3Yssj3,False,68
Frank Ocean,In My Room,85,17,1,4S4Mfvv03M1cHgIOJcbUCL,True,77
Cole Swindell,Love You Too Late,49,10,14,52MNypbTWiwybwzhXvsPk5,False,65
Kane Brown,For My Daughter,90,18,1,2moC0T4mGwmP8dUDostr2g,False,65
Kanye West,Selah,19,4,2,39JRmdKFka1Oe09FoOCPI4,False,66
Kanye West,On God,23,5,2,2SasoXZyv82yYgHiVOvxQn,False,66
Kanye West,God Is,36,8,1,2QpGZOhTCHHiKmpSO9FW4h,False,76
Michael Jackson,Thriller,4,1,19,7azo4rpSUh8nXgtonC6Pkq,False,68
Kanye West,Jesus Is Lord,63,13,1,7sBgFMWqDWQgrsNSpIBoe8,False,59
DaBaby,INTRO,13,3,6,77KMttn3Lic7ZQKDlPqp8v,True,70
"Ariana Grande, Miley Cyrus & Lana Del Rey",Don't Call Me Angel (Charlie's Angels),13,3,7,6zegtH6XXd2PDPLvy1Y0n2,False,76
Post Malone & Swae Lee,Sunflower (Spider-Man: Into The Spider-Verse),1,1,53,3KkXRkHbMCARz0aVfEt68P,False,86
Post Malone,Wow.,2,1,44,7xQAfvXzm3AkraOtGPWIZg,True,85
Blanco Brown,The Git Up,14,3,20,2KKijf6Ett4kmVNJze2roh,False,76
Normani,Motivation,33,7,10,0rIAC4PXANcKmitJfoqmVm,False,77
YoungBoy Never Broke Again,Rich As Hell,79,16,2,5A6tFAdihqILHJrWuR6wD4,True,61
YoungBoy Never Broke Again,In Control,73,15,2,5IdAcHb4cwtexqMlOojWhR,True,63
YoungBoy Never Broke Again,Carter Son,62,13,2,0QVvkAOstRG26pVYN95CeL,True,61
Frank Ocean,DHL,98,20,1,2INhKpUdzh7v0j041gZNsz,True,70
YoungBoy Never Broke Again,Time I'm On,79,16,1,6vWzkhoAp1SF4PEJ0iLKYQ,True,59
Post Malone,Saint-Tropez,18,4,6,05mDaV9Vb3wrzjF6OPZnhq,True,78
Post Malone,Hollywood's Bleeding,15,3,6,7sWRlDoTDX8geTR8zzr2vt,False,79
Shawn Mendes,If I Can't Have You,2,1,23,6LsAAHotRLMOHfCsSfYCsz,False,81
"Young Thug, J. Cole & Travis Scott",The London,12,3,20,7DcvwMAiqKJQD1rrdfxSDx,True,78
Summer Walker,Body,73,15,1,7vxLj7MREliG5i5vSnqSVr,True,66
Summer Walker,Drunk Dialing...LODT,79,16,1,0pzWCDSuVRX7m95EFOxVa0,True,62
Summer Walker,Over It,80,16,1,0csmcZqM3uTKfjxehw0Lw2,True,61
Carrie Underwood,Southbound,64,13,13,7qXPZxXn6Xmv1sjh03skiW,False,67
Summer Walker,Potential,92,19,1,4YNrBVo8fv6qiTNwHLVDai,True,59
"Jhay Cortez, J Balvin & Bad Bunny",No Me Conoce,71,15,14,7AxIUTibISfXcqpacAKvPo,False,29
Halsey,Without Me,1,1,52,5p7ujcrUXASCNwRaWNHR1C,True,83
DaBaby,OFF THE RIP,47,10,1,3e39X4Q74yJzsYUEeyf4ws,True,63
DaBaby,XXL,69,14,1,4LH1gsNA3wUS6QKkGZoJN8,True,62
DaBaby,PROLLY HEARD,73,15,1,0O7mJ0noFBLn8MMUJrFaF1,True,59
Kevin Gates,By My Lonely,86,18,1,25AEevSO1lu4EKMIP5Sy5p,True,64
DaBaby,There He Go,89,18,1,0pegcONe6MuDQRoPCtCBRf,True,59
Justin Moore,The Ones That Didn't Make It Back Home,46,10,16,6Vmb8Ru0BvjWGozOVGApRd,False,67
"Tainy, Anuel AA & Ozuna",Adicto,86,18,2,3jbT1Y5MoPwEIpZndDDwVq,False,82
Lil Tecca,Did It Again,64,13,7,4guBZjUyrGoHsTahO3IHdj,True,78
Luke Combs,Beer Never Broke My Heart,21,5,21,7aEtlGHoiPAfRB084NiDmx,False,78
Dan + Shay,Speechless,24,5,40,3GJ4hzg4lrGwU51Y3VARbF,False,77
Luke Bryan,Knockin' Boots,31,7,22,6ERR6e7h6wCqGoz1TjiUJb,False,75
Drake,Behind Barz,75,15,2,5r7WvQtyPfy1xch5zMgGRp,True,71
Post Malone,A Thousand Bad Times,29,6,3,2J0NXdHr6MYvKDSxB7k3V2,True,75
Ali Gatie,It's You,70,14,15,5DqdesEfbRyOlSS3Tf6c29,False,85
Miley Cyrus,Slide Away,47,10,6,44ADyYoY5liaRa3EOAl4uf,False,78
Camila Cabello,Shameless,60,12,3,3UYiU57SMiAS5LqolhHJw1,False,68
Sarah Jeffery,Queen Of Mean,49,10,8,4o05DiC0RQ9DNtGJGauwna,False,69
Jason Aldean,Rearview Town,40,8,18,5WA2SHuL5eesmPnYflNzlT,False,63
A Boogie Wit da Hoodie,Mood Swings,76,16,1,0VZe8C7xgAIQC0E0qEVIEh,True,68
Dan + Shay,All To Myself,31,7,20,08tq1XcHwVt5PHXUo87i0D,False,72
Post Malone,Allergic,37,8,2,1YscJ7yVTlFxW3eF6pv5ba,True,73
Cardi B,Press,16,4,16,6dPyzkyZwoj9LqjQXOFdVv,True,69
Luke Combs & Brooks & Dunn,"1, 2 Many",97,20,1,226le7T3p82reYWzsi9Hsz,False,72
Panic! At The Disco,"Hey Look Ma, I Made It",16,4,22,22oEJW6r2rMb9z4IntfyEa,False,75
Post Malone,Myself,52,11,1,2cvOfKHOHgwQlLiuLKP2xR,True,72
Post Malone,I Know,53,11,1,6b2mfHMqWCA74XmUuVJm8r,True,71
Post Malone,Internet,58,12,1,0KAzP1Rbp0Vz5pw8i1KDDI,True,70
Runaway June,Buy My Own Drinks,88,18,5,3WBY2lhKzkxaG5bNscQrOG,False,62
5 Seconds Of Summer,Easier,48,10,16,2txofPPP3lkiNLTUUHeJHS,False,79
Lana Del Rey,Doin' Time,59,12,2,0Oqc0kKFsQ6MhFOLBNZIGX,True,75
Ariana Grande,7 Rings,1,1,33,6ocbgoVGwYJhOv1GgI9NsF,True,86
Morgan Wallen,Whiskey Glasses,17,4,27,6foY66mWZN0pSRjZ408c00,False,81
Blake Shelton,God's Country,17,4,23,1dyxS3YzBbL0t8rEVwVQ1K,False,75
NLE Choppa,Shotta Flow,36,8,20,1orjH4IkSH9VrWmRCToKV8,True,82
A$AP Rocky,Babushka Boi,69,14,1,643PW82aBMUa1FiWi5VQY7,True,73
Taylor Swift,Cruel Summer,29,6,2,1BxfuPKGuaTgP7aM0Bbdwr,False,75
Taylor Swift,I Forgot That You Existed,28,6,2,43rA71bccXFGD4C8GOpIlN,False,76
The Chainsmokers & Bebe Rexha,Call You Mine,56,12,14,5EdYlCWou17k0N1PADLKfO,False,54
Lil Tecca,Out Of Luck,80,16,1,1ipyiYqvds0wcaFDTW6N4X,True,66
Lil Tecca,Shots,84,17,1,6eSU1exzDvBEXmBRxspeh5,True,71
Lizzo,Juice,82,17,4,0k664IuFwVP557Gnx7RhIl,True,78
for KING & COUNTRY,God Only Knows,94,19,1,4ElNxglBjcrASiGn58t9Jm,False,64
Lil Tecca,Love Me,97,20,1,4e0FYxSROat25pH16zMTZI,True,78
Taylor Swift,The Archer,38,8,3,3pHkh7d0lzM2AldUtz2x37,False,72
Taylor Swift,Paper Rings,45,9,1,4y5bvROuBDPr5fuwXbIBZR,False,71
Taylor Swift,Miss Americana & The Heartbreak Prince,49,10,1,214nt20w5wOxJnY462klLw,False,70
Taylor Swift,I Think He Knows,51,11,1,2YWtcWi3a83pdEg3Gif4Pd,False,70
Taylor Swift,Cornelia Street,57,12,1,12M5uqx0ZuwkpLp5rJim1a,False,70
Taylor Swift,London Boy,62,13,1,1LLXZFeAHK9R4xUramtUKw,False,70
Taylor Swift,Death By A Thousand Cuts,67,14,1,2dgFqt3w9xIQRjhPtwNk3D,False,69
Taylor Swift,Afterglow,75,15,1,1SymEzIT3H8UZfibCs3TYi,False,70
Taylor Swift,False God,77,16,1,5hQSXkFgbxjZo9uCwd11so,False,68
Taylor Swift,Daylight,89,18,1,1fzAuUVbzlhZ1lJAx9PtY6,False,68
Chris Young,Raised On Country,54,11,13,6voi5xnLs9JKmWG2oLmgDU,False,66
Taylor Swift,It's Nice To Have A Friend,92,19,1,1SmiQ65iSAbPto6gPFlBYm,False,66
Katy Perry,Never Really Over,15,3,13,5PYQUBXc7NYeI1obMKSJK0,False,83
"Tyler, The Creator",EARFQUAKE,13,3,15,5hVghJ4KaYES3BFUATCYn0,True,82
Young Thug,Just How It Is,60,12,1,5KYhIFNTp4VQUqlsbLWTTu,True,58
Young Thug,Light It Up,82,17,1,41mzryVlFLlz6b1BCtJAjx,True,55
Young Thug,Lil Baby,84,17,1,1GeNui6m825V8jP4uKiIaH,True,75
Eric Church,Some Of It,43,9,13,3d1qN7AHge6BXuVPutcpI5,False,66
Ambjaay,Uno,82,17,3,3AEgic4yp82NxMWUjHtxnO,True,69
Ava Max,Sweet But Psycho,10,2,35,25sgk305KZfyuqVBQIahim,False,85
Khalid,Better,8,2,48,6zeeWid2sgw4lap2jV61PZ,False,77
Florida Georgia Line,Talk You Out Of It,57,12,26,4qQwGRtGT7l6ckQtdPEFd4,False,72
Katy Perry,Small Talk,81,17,1,4NmE2ytXI8S2svTRSmEdpO,False,72
Trippie Redd,Snake Skin,87,18,1,1usK5eLBzpQTMwDt8SR2dr,True,65
Eli Young Band,Love Ain't,50,10,18,6uVzeU47Qzg0rrMneP5BNg,False,71
Lil Uzi Vert,Sanguine Paradise,28,6,16,3XiNC94b4Tq1xwv70sQJGN,True,79
J Balvin & Bad Bunny,Que Pretendes,65,13,5,0WrgyWAoS2tHTqr4ts8tkt,False,18
Big Sean,Single Again,64,13,3,7IP0lO9tHfNwBWZ9X6TJ84,True,70
YK Osiris,Worth It,48,10,25,0PQoUlzP7ILdcrzpajHXc0,False,73
Drake,Trust Issues,58,12,1,4Wjhj0WjkyECccfHVIgaTq,True,67
Drake,The Motion,61,13,1,0Tacxc5lDJ8LwiO1pWNSl8,True,64
Drake,Dreams Money Can Buy,68,14,1,1qyFlfPREPbRcS2BNszdYI,True,58
Drake,Club Paradise,85,17,1,6MR5IBSNfDmiwnrlQpVw4w,True,55
Tool,Fear Inoculum,93,19,1,39zWYYZStDgWi32sOU9AX4,False,64
Drake,Days In The East,95,19,1,4czcw3NVLY0of5hTD7OufN,True,56
Beyonce,Before I Let Go,65,13,16,7LikBkHerFGZ58QHVOKp1t,False,62
Panic! At The Disco,High Hopes,4,1,52,1rqqCSm0Qe4I9rUvWncaom,False,84
Travis Scott,Sicko Mode,1,1,52,2xLMifQCjDGFmkHkpNLD9h,True,90
NF,Leave Me Alone,85,17,1,3EtyEzMpfKSaoVhPunvbRV,False,72
NF,The Search,70,14,2,2OKo7g3KfmCt3kyLvUAL0g,False,72
Nicki Minaj,MEGATRON,20,4,5,1ZDmxwg7Lywlx68b7SsJjj,True,72
Jonas Brothers,Cool,27,6,17,7yfi8B8opXjnRh4VZnOkz9,False,73
Halsey,Nightmare,15,3,11,340UVheS8z3ncW9TTUhAbc,True,73
Lee Brice,Rumor,25,5,20,56eGOeSsqdg3FLxdo83TwV,False,75
City Girls,Act Up,26,6,21,3A2yGHWIzmGEIolwonU69h,True,75
Maren Morris,GIRL,44,9,21,0pGXe7umwkcCm01Ipoxp0U,False,66
J. Cole,Middle Child,4,1,27,2JvzF1RMd7lE3KmFlsyZD8,True,83
P!nk,Walk Me Home,49,10,20,7DHApOHsIFo7EyfieArYGE,False,73
Thomas Rhett,Look What God Gave Her,32,7,20,2KqJC0koTBUyDlsMt5ok1V,False,73
Ed Sheeran With Chris Stapleton & Bruno Mars,BLOW,60,12,2,6EbduYTr62sSzvl36wWiFM,False,69
Kane Brown,Like A Rodeo,90,18,1,7z3dPHwGxeK4fD6fYFDwiS,False,69
Beyonce,Spirit,98,20,1,38SueFAjT6jtFneyoQamYi,False,61
Travis Scott,Wake Up,30,6,7,20MuVazoNMv6xjKPnRFOxG,True,76
"benny blanco, Halsey & Khalid",Eastside,9,2,52,0d2iYfpKoM0QCKvcLCkBao,False,81
A Boogie Wit da Hoodie,Look Back At It,27,6,31,3Ol2xnObFdKV9pmRD2t9x8,True,78
Kane Brown,Good As You,36,8,20,19kUPdKTp85q9RZNwaXM15,False,73
Miley Cyrus,Mother's Daughter,54,11,3,2WyRfGeHo97VC5mP1BBSzr,True,74
Billie Eilish,Ocean Eyes,84,17,20,7hDVYcQq6MxkdJGweuCtl9,False,83
NF,When I Grow Up,78,16,1,5rLyYxZNzca00ENADO9m54,False,71
Chase Rice,Eyes On You,38,8,20,5AnSllIrgGsCZzZJkVnApx,False,75
Ariana Grande,"Break Up With Your Girlfriend, I'm Bored",2,1,20,4kV4N9D1iKVxx1KLvtTpjS,True,80
Brett Eldredge,Love Someone,52,11,10,43CFDpciGFDm226POTLEXU,False,66
Megan Thee Stallion,Big Ole Freak,65,13,12,3YEbLhXRDPTtctnb3ddg8g,True,68
Drake,Omerta,35,7,2,3kCwyvhvVTyehIzYN2I0nF,True,62
Billie Eilish,When The Party's Over,29,6,32,43zdsphuZLzwA9k4DJhU0I,False,86
Calboy,Envy Me,31,7,27,7rvyVWja33WG9R97oeJAjx,True,77
Kelsea Ballerini,Miss Me More,47,10,20,5NfJGBAL9mgFPRQxKJmiX2,False,68
Joji,Sanctuary,80,16,1,3xaugmCyXrVkrDTXbFkMW3,False,77
Luke Combs,Beautiful Crazy,21,5,31,2rxQMGVafnNaRaXlRMWPde,False,80
Lil Baby,Close Friends,28,6,33,5nzhL67GpF9szXWg5y509A,True,75
Billie Eilish,Bury A Friend,14,3,20,4SSnFejRGlZikf02HLewEF,False,81
Avicii,Heaven,83,17,1,0vrmHPfoBadXVr2n0m1aqZ,False,75
Future,Please Tell Me,87,18,1,4ANFPo7dzs2DdPuONXC9bp,True,51
Cody Johnson,On My Way To You,78,16,16,3OjNkFFZavF89xvRqWCXmU,False,67
Ozuna,Amor Genuino,92,19,1,3xEozpt8pAptvpH69iJhOw,False,68
Future,XanaX Damage,98,20,1,3tZ4zv4UuenjJGSNUMfBNG,True,53
Future,Government Official,99,20,1,2QEnZJ8FwpBoyLKcFcgceT,True,52
YNW Melly,Murder On My Mind,14,3,20,7eBqSVxrzQZtK2mmgRG6lC,True,82
Trippie Redd,Under Enemy Arms,94,19,1,5tRa5hnltiyqY63rWOfnO2,True,63
Jon Pardi,Night Shift,56,12,16,0bPnT6i9H1p8Vd85GS6Z7I,False,73
21 Savage,A Lot,12,3,23,2t8yVaLvJ0RenpXUIAC52d,True,80
Blueface,Thotiana,8,2,20,3oh6SCCeLuXhFpEyepla6G,True,73
Lil Dicky,Earth,17,4,6,2S1LebN6AXXQqJolBxlWgO,True,71
Maluma,HP,96,20,1,1LIqNVhaIgxXUt2eVoIQJ3,True,78
Bazzi,Paradise,91,19,3,0Rx0DJI556Ix5gBny6EWmn,True,80
"Tyler, The Creator",I Think,51,11,1,4f8Mh5wuWHOsfXtzjrJB3t,True,73
"Tyler, The Creator",Running Out Of Time,65,13,1,5QvBXUm5MglLJ3iBfTX2Wo,True,68
"Tyler, The Creator",Igor's Theme,67,14,1,51RN0kzWd7xeR4th5HsEtW,False,66
"Tyler, The Creator",New Magic Wand,70,14,1,0fv2KH6hac06J86hBUTcSf,True,70
"Tyler, The Creator",A Boy Is A Gun,74,15,1,1nXZnTALNXiPlvXotqHm66,True,70
"Tyler, The Creator",What's Good,85,17,1,6bOkaEXc5CopinGazSLokx,True,64
"Tyler, The Creator",Puppet,88,18,1,0wEC0GNF74lAqrEFZJMl1m,True,65
Brett Young,Here Tonight,42,9,20,38nVuIj9mi5a8oopOJhSJk,False,66
Dean Lewis,Be Alright,23,5,29,3EPXxR3ImUwfayaurPi3cm,True,81
Lil Baby & Gunna,Drip Too Hard,4,1,35,78QR3Wp35dqAhFEc2qAGjE,True,82
Ariana Grande,"Thank U, Next",1,1,28,3e9HZxeyfWwjeyPAMmWSSQ,True,84
Pinkfong,Baby Shark,32,7,20,5ygDXis42ncn6kYG14lEVG,False,77
Old Dominion,Make It Sweet,56,12,20,3Mnr3yyQk1aUPYgbpOQE31,False,54
Ella Mai,Shot Clock,62,13,16,2GlATHCDbLW7xq5BE0Bz5g,True,69
Billie Eilish,You Should See Me In A Crown,41,9,8,3XF5xLJHOQQRbWya6hBp7d,False,80
Billie Eilish,Wish You Were Gay,31,7,11,3Fj47GNK2kUF0uaEDgXLaD,False,81
Lil Uzi Vert,That's A Rack,76,16,5,4pCEIQ6wBVuaJdER5bALtO,True,68
Roddy Ricch,Die Young,99,20,2,3wLtYwtqvKK2ewelSVPeDK,True,73
Lauren Daigle,You Say,29,6,43,6Up545NUflOiXo8cEraH49,False,77
"SZA, The Weeknd & Travis Scott",Power Is Power,90,18,2,4cbdPT6uaBOgOQe3fLMofl,False,69
Anuel AA & Karol G,Secreto,68,14,11,386qhn2zsQoU1QoxALuDOl,False,8
Ski Mask The Slump God,Faucet Failure,87,18,11,1ThmUihH9dF8EV08ku5AXN,True,78
5 Seconds Of Summer,Youngblood,7,2,48,2iUXsYOEPhVqEBwsqP70rE,False,82
"Marshmello, Tyga & Chris Brown",Light It Up,90,18,1,4Q8aDd3H6LF8t4eY7So9O8,True,66
ScHoolboy Q,Numb Numb Juice,55,11,2,6tByydPskASjm9jTPkNQq0,True,69
BLACKPINK,Kill This Love,41,9,4,18PergoIrGmRyeYxnaXJN2,False,79
Post Malone,Better Now,3,1,52,7dt6x5M1jzdTEt8oCbisTK,True,84
Imagine Dragons,Bad Liar,56,12,9,2RSHsoi04658QL5xgQVov3,False,83
Lil Baby,Pure Cocaine,46,10,16,577YBGuskWkVDCxZrLRB4v,True,73
Scotty McCreery,This Is It,42,9,20,74CEfiZthUGX5yUNNUM4bj,False,68
Billie Eilish,My Strange Addiction,43,9,4,3Tc57t9l2O8FwQZtQOvPXK,False,78
Billie Eilish,Xanny,35,7,4,4QIo4oxwzzafcBWkKjDpXY,False,78
Michael Ray,One That Got Away,67,14,9,2TLDilmv1UmRTfyb7f2Hrx,False,60
Dan + Shay,Tequila,21,5,50,42fw0rxRO2xbesF6mJfd4Y,False,75
Cardi B,Money,13,3,26,2GGMabyHXnJmjY6CXhhB2e,True,77
FLETCHER,Undrunk,61,13,6,1Pj5oOFzLYELyyeh1IYRK0,True,72
Riley Green,There Was This Girl,70,14,8,7grWGhX8SHNmyGOkMNVMCt,False,70
Khalid,My Bad,55,11,3,1DUSuNhF8P5vUGNPpQiZa5,False,66
Khalid With John Mayer,Outta My Head,58,12,1,09oZ9eXQ2fo6YDrPzJqAoP,False,71
Khalid,Bad Luck,87,18,1,2vsuel3g4zaLYSOY0mOMbi,False,66
Aventura,Inmortal,95,19,1,2swZ0X1njeU32SNJeBKIfW,False,71
Billie Eilish,I Love You,53,11,1,6CcJMwBtXByIz4zQLzFkKc,False,82
Billie Eilish,Ilomilo,62,13,1,7qEKqBCD2vE5vIBsrUitpD,False,79
Billie Eilish,Listen Before I Go,63,13,1,0tMSssfxAL2oV8Vri0mFHE,False,78
Billie Eilish,8,79,16,1,6X29iaaazwho3ab7GNue5r,False,75
Chris Stapleton,Millionaire,47,10,17,68JS5SFTnW5Yv9Vzw81Jf0,False,68
Jason Aldean,Girl Like You,46,10,19,7K0lR5Ngf5jkOWt1g6ut6l,False,65
Jake Owen,Down To The Honkytonk,65,13,13,5g0XcG0apQTlO3X8r38vGf,True,71
Logic,Confessions Of A Dangerous Mind,78,16,1,0zihDLOIS1CIMT39pU6Jqu,True,13
Jordan Davis,Take It From Me,46,10,13,3dCZm5HrG0jIXAHfNkg2H0,False,71
Rich The Kid,Splashin,80,16,5,3KLo7ByvjCNyBrfz5DZ2mO,True,71
Lil Skies,I,39,8,4,4ZT9FnbFu1PaBfV3itxiqT,True,79
Juice WRLD,Hear Me Calling,38,8,4,13ZyrkCDmRz5xY3seuAWYk,True,77
Chris Brown,Undecided,35,7,12,58oryymPZNdtS2z8Une6NJ,True,67
Kodak Black,Calling My Spirit,46,10,17,2MShy1GSSgbmGUxADNIao5,True,73
Bebe Rexha,Last Hurrah,98,20,1,0i0wnv9UoFdZ5MfuFGQzMy,False,72
Carrie Underwood,Love Wins,83,17,10,4XWnHzCRfRjaHRsTNeh3WR,False,57
Iggy Azalea,Sally Walker,62,13,1,1bPoQ1zaUWZmiYrckwfulU,True,63
Juice WRLD,Fast,47,10,2,6MjNilJCVKJq0LfFvo5jWJ,True,77
Juice WRLD,Maze,65,13,1,4mUIe9gfsdtsVP2zFIl74x,True,75
Luke Bryan,What Makes You Country,54,11,11,3bDXhWsPiFTHtrsMg5faL2,False,66
Juice WRLD,Flaws And Sins,91,19,1,2BSbCCbaSCzkOEZa6N5901,True,73
Lady Gaga,Always Remember Us This Way,41,9,9,2rbDhOo9Fh61Bbu23T2qCk,False,78
Flipp Dinero,Leave Me Alone,20,4,25,14mHfNsSHN0FbLftyjrV9g,True,74
Sheck Wes,Mo Bamba,6,2,28,1xzBco0xcoJEDXktl7Jxrr,True,79
Midland,Burn Out,63,13,9,7yrJnekdlwWARt5lmVqJ6L,False,63
Offset,Red Room,49,10,3,4TWflhgevIGo448fWc6mQq,True,66
Juice WRLD,Armed And Dangerous,44,9,17,5wujBwqG7INdStqGd4tRMX,True,81
Ariana Grande,Needy,14,3,4,1TEL6MlSSVLSdhOSddidlJ,True,73
Lukas Graham,Love Someone,70,14,10,2JqnpexlO9dmvjUMCaLCLJ,False,74
Ariana Grande,NASA,17,4,3,4uTvPEr01pjTbZgl7jcKBD,False,73
Gunna,Outstanding,70,14,1,76PwajqH3ej4hnk9tgaJpp,True,59
Gunna,Wit It,75,15,1,1unFtbwcAnSGgYPmp52vc0,True,56
Gunna,One Call,56,12,2,3pq5dd3Hwg2uJ3d63v9YRx,True,56
Ariana Grande,Imagine,21,5,8,39LmTF9RgyakzSYX8txrow,True,74
Offset,Lick,86,18,1,4W9XGjEUVG9junR70FOLii,True,64
Ariana Grande,Bad Idea,27,6,3,5Il6Oe7lr5XM7A0cWbVQtr,False,71
Gunna,Speed It Up,91,19,1,3BXXkwyhsHM0EPApHMhQC5,True,60
Ariana Grande,Bloodline,22,5,3,2hloaUoRonYssMuqLCBLTX,True,71
John Mayer,I Guess I Just Feel Like,94,19,1,1HNywa8Bk0TmzRwQrzhtPo,False,72
Ariana Grande,Fake Smile,26,6,2,3wFLWP0FcIqHK1wb1CPthQ,True,70
Ariana Grande,Ghostin,25,5,2,2vdBo4ALPYbHRUPKgtE5iC,False,70
Thomas Rhett,Sixteen,42,9,15,3pJkBPHadRAxBBo484RipI,False,66
Ariana Grande,In My Head,38,8,2,4T652DlATVHe0jdLKaN3Bw,True,71
Travis Scott,Yosemite,25,5,18,7lAK3oHbfEnvUQWosrMMpR,True,80
Ariana Grande,Make Up,48,10,2,27356GVuMPFWiJSZCragoM,True,67
Dustin Lynch,Good Girl,44,9,15,3NgcaTIgVh77DdwAInp996,False,70
Lil Wayne,Uproar,7,2,20,3wScL5W8H40zzCKN0atfBk,True,71
Jacquees,You,58,12,12,01jIO8SJFnpSiNLH1JaBZ5,True,71
Zara Larsson,Ruin My Life,76,16,7,5tAa8Uaqr4VvA3693mbIhU,True,79
Kacey Musgraves,Rainbow,98,20,1,79qxwHypONUt3AFq0WPpT9,False,72
Marshmello,Alone,28,6,11,3MEYFivt6bilQ9q9mFWZ4g,False,77
Ariana Grande,Breathin,12,3,25,4OafepJy2teCjYJbvFE60J,True,76
Ella Mai,Trip,11,3,27,6CTWathupIiDs7U4InHnDA,False,75
Logic,Keanu Reeves,38,8,3,3PYx9Wte3jwb48V0wArMOy,True,73
Future,Crushed Up,43,9,5,7wcyO1rrH3Ru4t659IjG41,True,64
Jimmie Allen,Best Shot,37,8,20,3VamXAvVMczcS2PTYtPfBQ,False,71
XXXTENTACION,Sauce!,89,18,1,3jq1RpStaB1YGyN3rRZGca,True,65
XXXTENTACION,BAD!,16,4,11,03eJ2DclFWXYU8GWgANdmZ,True,71
Russell Dickerson,Blue Tacoma,52,11,19,5PBx0zFfehUMyv5H4YXVAU,False,72
Imagine Dragons,Natural,13,3,27,2FY7b99s15jUprqC0M5NCT,False,81
Future,Jumpin On A Jet,57,12,2,1I3ZAmPmbFV78oNKnibOiW,True,55
Future,Never Stop,65,13,1,1AGPmw3QJBNfOK6XioDhZp,True,53
Camila Cabello,Consequences,51,11,12,7sTtHHrD0zDpmzQzH3zegz,False,73
Future,Temptation,76,16,1,2gXOzCwbVXACCaYRj4Qrep,True,50
Future,Rocket Ship,79,16,1,4HfaOznGhHYWqPtpLYz2PB,True,55
Future,F&N,83,17,1,5YP6yKgGGsXKukqxXypVAf,True,56
Future,Call The Coroner,100,20,1,1WlU4jsJ8AoTB96dgd8LJA,True,50
Luke Combs,She Got The Best Of Me,31,7,23,698eQRku24PIYPQPHItKlA,False,77
Future & Juice WRLD,Fine China,26,6,13,5274I4mUMnYczyeXkGDWZN,True,77
Lil Pump,Butterfly Doors,81,17,2,4NdXQlDTzxbOMkzJGWFtz3,True,60
YoungBoy Never Broke Again,Valuable Pain,87,18,2,61Oo3DUJubecZQosjho6Pp,True,63
Billie Eilish,idontwannabeyouanymore,96,20,3,41zXlQxzTi6cGAjpOXyLYH,False,81
Kip Moore,Last Shot,53,11,8,6viHvc13l9A6Ua6xugpeX6,False,65
21 Savage,Monster,73,15,3,2FUNBaa5DwItJtYEBgAblU,True,67
Mitchell Tenpenny,Drunk Me,39,8,21,1G4cdOtF36ZCs6i2dZoC87,False,72
Bad Bunny,Solo de Mi,93,19,1,5YOkA7qd2983FtBQnP8sYx,True,70
XXXTENTACION,whoa (mind in awe),37,8,3,7pdF27mSDuPWhppnHAmWHa,False,73
21 Savage,All My Friends,67,14,2,4paAidoE8VAemwU4jgCc6l,True,69
Katy Perry,Cozy Little Christmas,53,11,2,02FaKXXL7KUtRc7K0k54tL,False,42
Lauren Daigle,The Christmas Song,55,11,2,3jRBwf09lbRAp2DSPlRx8p,False,23
21 Savage,Break Da Law,70,14,1,5ZSIExfQuVv69tw5Qw3yDl,True,56
21 Savage,1.5,86,18,1,2wOXxtHZgRkkrkEbKLzzqs,True,60
21 Savage,Out For The Night,88,18,1,4B8vU5oDXVxO5OkLAI4aLx,True,62
21 Savage,Gun Smoke,93,19,1,4f1XXGjZZ9EkFkrbPJek6X,True,57
21 Savage,ASMR,95,19,1,2QgfDF0fQ4sskDthP8MG5w,True,60
Paul McCartney,Wonderful Christmastime,47,10,1,1SV1fxF65n9NhRHp3KlBuu,False,49
Kodak Black,Testimony,74,15,1,6Gg25EZRbQd4IHiJz2KSY0,True,57
lovelytheband,Broken,29,6,22,6XcfKZvJio9Z0fQy11GnNX,False,76
XXXTENTACION,Guardian Angel,48,10,1,7uqcLJFlSYjVPLUz1vPxkY,True,66
Ariana Grande,God Is A Woman,8,2,22,5OCJzvD7sykQEKHH7qAC3C,True,79
XXXTENTACION,I Don't Let Go,51,11,1,4axYWgXASdsCBHuwInAubT,True,65
XXXTENTACION,Train Food,64,13,1,5lar0mCUejpILVkAz50s2J,True,59
XXXTENTACION,What Are You So Afraid Of,65,13,1,57nOpVSc3j9o03Cr928ZM4,False,66
XXXTENTACION,Staring At The Sky,68,14,1,4KpKyRFwN0gcwj58Uqjv7q,False,59
NF,Lie,48,10,20,07FkzikE6FuHIa8Ma7zJGc,False,77
XXXTENTACION,Difference (Interlude),84,17,1,5itzep0nGnq7hxCfFNsTIR,False,63
Yella Beezy,That's On Me,56,12,20,5c0Vl3yklw5WX9YI36dPLd,True,62
Meek Mill,Intro,55,11,1,3EQ9QP2E7wjYQba8OSPBst,True,57
Meek Mill,Respect The Game,57,12,1,6pUBrvKfJL4qmn95mxU7rC,True,55
Meek Mill,Trauma,61,13,1,45CCe4gu08OYG1I4MH8TU6,True,53
Meek Mill,Championships,70,14,1,5DTOk0tCrmicVQP4mc6hkr,True,54
Meek Mill,Almost Slipped,73,15,1,1bx4Jw8A7GQtImIQGccI6D,True,51
Ski Mask The Slump God,Foot Fungus,81,17,1,3EikYy40GMSp8l5mDV6IQo,True,71
Lil Baby,Crush A Lot,82,17,1,39RWYLt6hgk9BbhkDgaHW9,True,57
Meek Mill,Oodles O' Noodles Babies,85,17,1,0jqLv5PuEUA0GthFjdtlS1,True,51
Lil Baby,Global,91,19,1,7cW1wHpSLYgKWzoWlOCPFJ,True,57
Lil Baby,Word On The Street,98,20,1,52i143Ph5c3RQaQFBXWix1,True,56
Drake,In My Feelings,1,1,22,2G7V7zsVDxg1yRsu7Ew9RJ,True,81
Kane Brown,Lose It,28,6,20,7epGknfpAlH1u33S71Ur1o,False,70
Drake,Nonstop,2,1,22,0TlLq3lA83rQOYtrqBqSct,True,80
Trippie Redd,Topanga,52,11,5,5aXgz1oKK8Q9z9xvTmSnrO,True,75
Billie Eilish,Come Out And Play,69,14,1,7wC5eZcFS1Q1BsQ35DU6H4,False,73
Chris Young,Hangin' On,63,13,13,6CyJlVAEFlNdpggOLanytL,False,65
Maren Morris,Rich,62,13,8,4H0vNUFcHPz5lytcLjwqkr,False,65
Kanye West & Lil Pump,I Love It,6,2,12,4S8d14HvHb70ImctNgVzQQ,True,76
Lil Mosey,Noticed,80,16,10,7zLYKWcXnYeHHWidalz7rj,True,81
Lauv,I Like Me Better,27,6,41,2P91MQbaiQOfbiz9VqhqKQ,False,84
XXXTENTACION,Sad!,1,1,38,3ee8Jmje8o58CHK66QrVC2,True,86
Queen,Bohemian Rhapsody,2,1,44,7tFiyTwD0nx5a1eklYtX2J,False,75
Kodak Black,Take One,81,17,1,1XJBDDpeuZaj5fvmwhdIMw,True,55
Quavo,W O R K I N  M E,52,11,15,33tNYw9oMtSkGe27NpgS64,True,60
Eric Church,Desperate Man,68,14,15,1vHeu2j2MpfMqqvcXKLtic,False,58
AJR,Burn The House Down,100,20,1,0TkJIyL69RAUIbNwGub6uR,True,71
Trippie Redd,Love Scars 3,73,15,1,0AcicReEGm1qcENjqzh1Tg,True,69
Trippie Redd,Toxic Waste,98,20,1,1SxagO9GK0UUeEYLmH8Pln,True,61
Bryce Vine,Drew Barrymore,46,10,14,0OgGn1ofaj55l2PcihQQGV,True,70
Selena Gomez,Back To You,18,4,26,4hQ6UGyWQIGJmHSo0J88JW,False,76
Taylor Swift,Delicate,12,3,35,6NFyWDv5CjfwuzoCkw47Xf,False,76
TakeOff,Last Memory,54,11,2,1fvCggAYrW0VtCljtqv4h2,True,60
Calvin Harris & Sam Smith,Promises,65,13,12,43P4CvRCS6HmVERmYfM8ma,False,26
Old Dominion,Hotel Key,48,10,19,33471tzU1VghDg9zNgGRpz,False,69
Eminem,Killshot,3,1,8,1jo3TwNGCXfNdB5uba3ZVv,True,74
TakeOff,Casper,99,20,1,1B4gJRq61xTs6r1O0Uq2iY,True,70
"Zedd, Maren Morris & Grey",The Middle,5,1,40,09IStsImFySgyp0pIQdqAc,False,82
Chris Janson,Drunk Girl,79,16,10,1kFBLqkTuNKlspkJ1EOGjN,False,64
P!nk,A Million Dreams,90,18,1,0oagwWkGlBoACUuKvTmqZV,False,67
Eminem,Venom,43,9,5,2SL6oP2YAEQbqsrkOzRGO4,True,73
Lil Uzi Vert,New Patek,24,5,7,0Fpen1PTuEnCmOJtUU9Iud,True,71
Cole Swindell,Break Up In The End,49,10,17,5Z19ylxppfnfdP4JH0u8oj,False,66
Lil Mosey,Kamikaze,97,20,1,3to5UxKsozb4T6CfwHuhLJ,True,74
Ariana Grande,No Tears Left To Cry,3,1,27,2qT1uLXPVPzGgFOx4jtEuo,False,81
Future & Juice WRLD,Astronauts,82,17,1,2vs5ubqg8QUbfyWZpMfvWe,True,64
Khalid,Vertigo,89,18,1,7stcuQtnHL7C6XdPvpwywv,False,64
Juice WRLD,Make It Back,92,19,1,2EhJijFUs0WUmNClDBpYJq,True,66
Dua Lipa & BLACKPINK,Kiss And Make Up,93,19,1,7jr3iPu4O4bTCVwLMbdU2i,False,77
Weezer,Africa,51,11,15,3ZPKocroJIcnHGcnJVlLKD,False,63
Florida Georgia Line,Simple,32,7,20,4L9Ds4mpD3SuYoWwFUlv16,False,75
Queen Naija,Medicine,45,9,20,4lFfMRH0YH4pW5gczTDbNC,False,70
Quavo,Biggest Alley Oop,86,18,1,6Q36XucqrejMId3RydVhch,True,57
Quavo,Huncho Dreams,93,19,1,7pVzUPjJ83QojsVcOthmxP,True,47
Luke Bryan,"Sunrise, Sunburn, Sunset",35,7,16,53yTYusPQJ1AApL1hi0Dnc,False,70
Kodak Black,"If I'm Lyin, I'm Flyin",56,12,3,7HdNB8nvJOBwHa8hIkzvxp,True,60
Lil Baby & Gunna,Business Is Business,61,13,1,7roKDmJDOzkpfGpUQJ5EnL,True,61
Lady Gaga,Is That Alright?,63,13,1,172e82oK9vGoBPvc6SqMm5,False,63
Lil Wayne,Dedicate,14,3,2,0Y7di9ZCmB6Elad5WISaPc,True,61
twenty one pilots,Jumpsuit,50,10,4,1E1uGhNdBe6Dddbgs2KqtZ,False,72
Lil Baby & Gunna,Belly,80,16,1,1yQvL8SzbF5JCroRKk9F07,True,57
twenty one pilots,My Blood,81,17,1,5HeKOKc4phmLn8e4I7EkzD,False,72
Charlie Puth,The Way I Am,61,13,7,6qNALlmZa1ESnCxJmXE1K9,False,66
Bradley Cooper,Maybe It's Time,93,19,1,6jMbPsH6lTOLs5n8Af26AG,False,63
twenty one pilots,Nico And The Niners,79,16,2,5SehvGGC53A7SZKCLXQcyt,False,70
Lil Baby,Deep End,97,20,1,16QjPRt5HYK0dnLGmGRCvf,True,56
Lil Baby & Gunna,I Am,98,20,1,3F57PtOdqRpD6euFYqtKXX,True,62
Lil Wayne,Open Letter,47,10,1,2DnH4XlEkghUdE8ymdVom5,True,55
Lil Wayne,Problems,57,12,1,0ubdf6zWT1It2saK41SkO0,True,53
Lil Wayne,Hittas,59,12,1,5s6pKnF3ZPtuqvEx1i1V7U,True,53
Lil Wayne,Open Safe,62,13,1,7EgI0dCaQuHFe3OTj5EpWI,True,55
Lil Wayne,Took His Time,65,13,1,1Dk3CfJEtqvj7Xg2AWwfEn,True,54
Lil Wayne,Mess,74,15,1,6y4pOReFqH2wzo4CV91cZC,True,57
Lil Wayne,Let It All Work Out,75,15,1,3BUWNzPWz2mDbptZmGEXpB,True,60
Lil Wayne,Used 2,78,16,1,68lOQPb5tX8U2cQRuas0L2,True,55
Machine Gun Kelly,Rap Devil,13,3,4,63TyoT9Ee03rQxv8xmdJ2l,True,67
Lil Wayne,Demon,81,17,1,1kaxyXcAi5ZHF3Q94QXsHK,True,54
Lil Wayne,Perfect Strangers,86,18,1,4E3qImtJzRqLt8ZZyLceOE,True,54
Avril Lavigne,Head Above Water,64,13,2,7gY3cyGcB2wnk2xDXiA0pe,False,71
Ed Sheeran,Perfect,1,1,57,0tgVpDi06FyKpA1z0VMD4v,False,86
Drake,Nice For What,1,1,25,3CA9pLiwRIGtUBiMjbZmRw,True,79
Drake,God's Plan,1,1,36,6DCZcSspjsKoFjzjrWoCdn,True,84
Nicki Minaj,Barbie Dreams,18,4,7,6Poyf51k7W3NKnsGwAI90B,True,66
Juice WRLD,All Girls Are The Same,41,9,20,4VXIryQMWpIdGgYR4TrjT1,True,85
Eminem,Fall,12,3,4,58QhkbaAkLFnn7JwAnAato,True,70
Thomas Rhett,Life Changes,36,8,14,4Vxu50qVrQcycjRyJQaZLC,False,67
Dylan Scott,Hooked,48,10,11,3DV49ruvI5Sl6iisPZAc2c,False,66
Travis Scott,Stargazing,8,2,8,7wBJfHzpfI3032CSD7CE2m,True,82
Juice WRLD,Lean Wit Me,68,14,8,3oDkdAySo1VQQG0ptV7uwa,True,81
Mac Miller,Self Care,33,7,3,5bJ1DrEM4hNCafcDd1oxHx,True,77
Eminem,The Ringer,8,2,4,2jt2WxXMCD4zjACthkJQVE,True,71
The Carters,Apes**t,13,3,15,0B08s1tLWCXoFmGP0vIubM,False,42
Brett Young,Mercy,29,6,20,2VIPU72L6tIR4w8J8ap6Kp,False,68
Carrie Underwood,Cry Pretty,48,10,12,7B9UAoGiN4iMCv4s40xoiM,False,56
Eminem,Kamikaze,16,4,3,2gsNpSn7VvvJuSrIDfRoYy,True,69
Bazzi,Mine,11,3,34,7uzmGiiJyRfuViKKK3lVmR,True,79
Mac Miller,Hurt Feelings,70,14,1,5p7GiBZNL1afJJDUrOA6C8,True,70
Eminem,Greatest,23,5,2,2XTquzYQAdT1Hk78bOUwsv,True,68
Mac Miller,Come Back To Earth,91,19,1,01z2fBGB8Hl3Jd3zXe4IXR,False,71
Childish Gambino,Feels Like Summer,54,11,2,7p4vHnYXkxlzvfePJVpcTr,False,73
Migos,Narcos,36,8,15,0wbnC9AUenxp613TYaJsGK,True,71
Eminem,Normal,39,8,1,0evt4UZbdhnHtcAnxkm6A1,True,64
Eminem,Stepping Stone,42,9,1,60Z57Wdrn0pEVpHI7d7GAX,True,64
Childish Gambino,Summertime Magic,44,9,5,4j3GWI86JvSaF0BLdmgcfF,False,71
Marshmello & Anne-Marie,Friends,11,3,29,08bNPGLD8AhKpnnERrAc6G,True,82
Camila Cabello,Never Be The Same,6,2,37,4eWQlBRaTjPPUlzacqEeoQ,False,73
Calvin Harris & Dua Lipa,One Kiss,26,6,21,7ef4DlsgrMEH11cDZd32M6,False,83
XXXTENTACION,Moonlight,13,3,20,0JP9xo3adEtGSdUEISiszL,True,85
Kenny Chesney,Get Along,22,5,21,6n6OQfBpCgzF9oEg8zhBN7,False,72
Ozuna,Unica,72,15,1,33b2wX9d0kxqxhi7lcsC1A,False,69
XXXTENTACION,Changes,18,4,20,7AFASza1mXqntmGtbxXprO,False,84
Zedd & Elley Duhe,Happy Now,90,18,1,7ir8cXuMAfXx9BCYkvYCz0,False,23
Ciara,Level Up,59,12,6,5ubwXXOsH9bUhZsQ0Cybha,False,69
Trippie Redd,Taking A Walk,46,10,3,4mHgYpuGHu99Mw69E83CP2,True,78
Drake,Mob Ties,13,3,8,7rC5Pl8rQSX4myONQHYPBK,True,72
Childish Gambino,This Is America,1,1,17,0b9oOr2ZgvyQu88wzixux9,True,80
Shawn Mendes,In My Blood,11,3,23,2QZ7WLBE8h2y1Y5Fb8RYbH,False,79
Ariana Grande,Sweetener,55,11,1,70khXICDeTTxgYtw3EysKH,True,68
Ariana Grande,Everytime,62,13,1,0WdR2AyLW1Drd3OUdwezM0,True,68
Ariana Grande,R.E.M,72,15,1,1xWH8zYtDeS9mW1JJG23VZ,True,68
Morgan Evans,Kiss Somebody,53,11,8,4f3fb3alVLFc8Ga4ncpg7x,False,68
Ariana Grande,Goodnight N Go,87,18,1,14kYOiFVPb7E7NfFbqhdln,True,71
Alessia Cara,Growing Pains,65,13,8,003eoIwxETJujVWmNFMoZy,False,55
Ariana Grande,Pete Davidson,99,20,1,0XOnMqLQDO89iAg7dWWwnG,True,63
Nicki Minaj,Chun-Li,10,2,16,1e4rwBPVI32vZtTJu7mJ4J,True,71
Cardi B,Be Careful,11,3,20,2Yl4OmDby9iitgNWZPwxkd,True,70
Travis Scott,Stop Trying To Be God,27,6,2,1xYpVRspgaLxdJLOTQkTjg,True,73
Travis Scott,R.I.P Screw,26,6,2,4SZepBIPDRwPaHIjAKwRDb,True,72
Travis Scott,No Bystanders,31,7,2,6OaVWaGfhXn70ZJfdVcabn,True,76
Travis Scott,Carousel,24,5,2,7KZ5MMVgBVox9ycroB2UrI,True,71
J. Cole,Album Of The Year (Freestyle),87,18,1,6rDaCGqcQB1urhpCrrD599,True,60
Travis Scott,5% Tint,36,8,2,11kDth1aKUEUMq9r1pqyds,True,72
Jason Mraz,Have It All,90,18,1,7BXW1QCg56yzEBV8pW8pah,False,66
Dennis Lloyd,Nevermind,86,18,4,63SevszngYpZOwf63o61K4,False,79
Travis Scott,NC-17,41,9,1,6BJbOXDlgVAXSaq6wYFYT2,True,69
Travis Scott,Who? What!,43,9,1,4KYS9GK68yeuUJ8vJfPxrq,True,70
Travis Scott,Skeletons,47,10,1,6NMtzpDQBTOfJwMzgMX0zl,True,72
Travis Scott,Astrothunder,48,10,1,4MXhiYIRDMGAuvZc5IFTwC,True,74
Travis Scott,Butterfly Effect,50,10,23,2cYqizR4lgvp4Qu6IQ3qGN,False,83
Travis Scott,Houstonfornication,53,11,1,58TaFP5j5i9swOf584yon2,True,73
Travis Scott,Coffee Bean,68,14,1,6vnfObZ4Ys70SBAtti1xZ9,True,71
Jake Owen,I Was Jack (You Were Diane),43,9,11,3dlCF1mzW1UKMOb4b1XN17,False,66
Imagine Dragons,Whatever It Takes,12,3,27,6Qn5zhYkTa37e91HC1D7lb,False,80
Demi Lovato,Sober,47,10,3,0STK94RxUulYqWzwFlyAb5,False,74
Foster The People,Sit Next To Me,42,9,20,4BdGO1CaObRD4La9l5Zanz,False,73
Luke Combs,One Number Away,34,7,20,4gB7HrYHbJVJ5RFOjxmoq4,False,74
The Weeknd,Call Out My Name,4,1,18,09mEdoA6zrmBPgTEN5qXmN,False,82
Kanye West,All Mine,11,3,9,3U21A07gAloCc4P7J8rxcn,True,72
Queen Naija,Karma,63,13,2,3qmm9AdG0TnShv0drgXNIQ,False,65
Nicky Jam x J Balvin,X,41,9,21,5YUyW9opqNsMSEzzecZih1,False,76
Chance The Rapper,I Might Need Security,60,12,1,3EApebexZ7YqDIqw2EMTDh,True,61
Drake,Emotionless,8,2,4,5Psnhdkyanjpgc2P8A5TSM,True,66
Drake,Can't Take A Joke,18,4,4,1dUHF4RyMmMTveJ0Rby6Xm,True,67
Drake,Elevate,14,3,3,3szf2z1Cy1QMrtHrbn8rz9,True,64
Drake,Blue Tint,30,6,3,4n1bdaKwynQndm47x5HqWX,True,64
Bad Wolves,Zombie,54,11,18,1vNoA9F5ASnlBISFekDmg3,False,71
Drake,8 Out Of 10,21,5,3,0zqy3ss4CwD6u4QPksS0nI,True,61
Future,31 Days,65,13,2,7MywASx2OFZngfoORjo1yy,True,52
Future,Wifi Lit,53,11,1,6WlxcZKpEV6Bwe9InoVhMp,True,53
XXXTENTACION,Jocelyn Flores,19,4,20,7m9OqQk4RVRkw9JJdeAw96,True,87
Drake,Sandra's Rose,27,6,2,6cblRiEGDRNZgowcm951R3,True,63
Drake,Summer Games,28,6,2,4HG1YiGBseVKzjyKcmAJen,False,62
Drake,Jaded,32,7,2,4c2xt1trwYZpMqPWY35Xi9,True,65
Drake,That's How You Feel,37,8,2,41a7dZcq30Ss5kPMayWRV0,True,64
Drake,Survival,17,4,2,2yg9UN4eo5eMVJ7OB4RWj3,True,61
Future,Cuddle My Wrist,71,15,1,5UVNjOSh27encRBqTpBWup,True,50
Future,Racks Blue,76,16,1,4lc61NBCDzy2srBHDQeTfN,True,50
Drake,Finesse,42,9,2,2WP8G2pdddDmnh1xbfKBOI,False,70
Lil Pump,Drug Addicts,83,17,1,6tpHfEM8eaETzlPOARYWfZ,True,58
J. Cole,KOD,10,2,12,7yotKA30dwTKNEGomV9ZsI,True,72
Drake,Peak,38,8,2,11L064movtyopGdLiX4sVg,True,61
Drake,Is There More,36,8,2,1Tnw0ItH1Macok8gblnPPd,True,58
Drake,Ratchet Happy Birthday,51,11,1,4SUwJA3eUVNHExxMPEUhQe,True,58
Drake,Final Fantasy,56,12,1,44Du2IM1bGY7dicmLfXbUs,True,58
Drake,March 14,57,12,1,09lmraDvzBT3pUQ2rUtJzK,True,56
Lil Pump,Esskeetit,24,5,12,44KKhCyI0BGS6LvVyDqJtH,True,64
XXXTENTACION,Everybody Dies In Their Nightmares,42,9,7,3GVkPk8mqxz0itaAriG1L7,True,83
Kanye West,Yikes,8,2,5,1qsHYUd2c1wFGcn7e63QmG,True,68
Sam Hunt,Downtown's Dead,94,19,2,5eFfsbjSouG8qOpg9ZqDl6,False,57
Famous Dex,Japan,28,6,15,5PTG6rrL6EPFD9E2QMI2pl,True,73
XXXTENTACION,The Remedy For A Broken Heart (Why Am I So In Love),55,11,5,4UKCKdYiLN6IMA5ZESUTL7,True,82
Blake Shelton,I Lived It,63,13,18,5slddJ629YcePvqD6Uyk8r,False,60
Rich The Kid,Plug Walk,13,3,20,1ZAyjvIk9YiD76yYy0TEG6,True,75
Kane Brown,Heaven,15,3,27,1HXy5I3HTWq8OvxCn0z7G7,False,77
Dua Lipa,New Rules,6,2,48,2ekn2ttSfGqwhhate0LSR0,False,81
Maroon 5,Wait,24,5,24,6AvfZXpbb6r35DfF7gHPRq,False,64
Daddy Yankee,Dura,43,9,21,6nR4ZCrJ3j9oKjhrfdDg1O,False,13
"2 Chainz, Drake & Quavo",Bigger > You,53,11,2,5S1IUPueD0xE0vj4zU3nSf,True,64
Panic! At The Disco,Say Amen (Saturday Night),60,12,3,76vMKwFtdDDCLcM6zXybjB,False,69
XXXTENTACION,Hope,70,14,2,2ZRo7axmMPeSVUvDbGkJah,True,82
BTS,Fake Love,10,2,6,3aW0ds4A4tSQDIp75FqWTo,False,72
XXXTENTACION,Numb,80,16,3,01TnVDiet1DFTsyWKUKovl,False,75
YoungBoy Never Broke Again,Overdose,42,9,9,3A1BaBGT3HgzuDrV9pgX9v,True,59
Dierks Bentley,"Woman, Amen",53,11,12,3nBXOlFTADNvG9nkqy2O2W,False,63
The Carters,Boss,77,16,2,4F8V44j8cbjHnXjfW2HruU,True,54
BLACKPINK,DDU-DU DDU-DU,55,11,1,2aI2k39nfa3KFsa4JclQzw,False,76
Dua Lipa,IDGAF,49,10,23,76cy1WJvNGJTj78UqeA5zr,True,81
The Weeknd & Kendrick Lamar,Pray For Me,7,2,20,77UjLW8j5UAGAGVGhR5oUK,True,75
The Carters,Summer,84,17,1,7zmleW3XZx0uUsL2CkFuDe,False,52
KIDS SEE GHOSTS,Reborn,39,8,2,4RVbK6cV0VqWdpCDcx3hiT,True,73
The Carters,Nice,95,19,1,44lusH2vzc4sRAwsooRhPh,True,53
The Carters,Friends,99,20,1,0gu5B9dUOiLezdDjrLPCCV,True,50
KIDS SEE GHOSTS,Feel The Love,47,10,1,3aUFrxO1B8EW63QchEl3wX,True,66
Jason Aldean,You Make It Easy,28,6,20,6EGAfJaLUFzhS4zRBIEQ2J,False,72
KIDS SEE GHOSTS,"Freeee (Ghost Town, Pt. 2)",62,13,1,7GRTrWsP3yo2Fx8umJfA1X,True,61
KIDS SEE GHOSTS,Fire,67,14,1,6JyEh4kl9DLwmSAoNDRn5b,True,69
KIDS SEE GHOSTS,Cudi Montage,69,14,1,4kUZvXB3LC3an3HX6h0s17,True,65
KIDS SEE GHOSTS,KIDS SEE GHOSTS,73,15,1,2I3dW2dCBZAJGj5X21E53k,True,62
Kanye West,Violent Crimes,27,6,2,3s7MCdXyWmwjdcWh7GWXas,True,75
Jordan Davis,Singles You Up,50,10,19,4LiMQ6G9n84rDUBs9wtwz6,False,72
Kanye West,I Thought About Killing You,28,6,1,0yhxBvedRdGxsPZHJNI4VA,True,61
Kanye West,No Mistakes,36,8,1,35KV2Nuib6jPMVN00O8iba,True,61
Post Malone,Rich & Sad,14,3,6,2VdT56BGpdqNHUgOe1j5vc,True,73
Lil Skies,Lust,87,18,4,7oJrVhiTPZGBXWPwhxjy9S,True,77
Post Malone,Paranoid,11,3,6,3fpVWegR6YOS1Yk5HSMYIq,False,73
Kendrick Lamar & SZA,All The Stars,7,2,21,3GCdLUSnKSMJhs4Tj6CV3s,True,78
Offset & Metro Boomin,Ric Flair Drip,13,3,31,7sO5G9EABYOXQKNPNiE9NR,True,81
Pusha T,Infrared,65,13,1,6cpsixIHI63L0hwh3CwZg3,True,52
"Jay Rock, Kendrick Lamar, Future & James Blake",King's Dead,21,5,20,51rXHuKN8Loc4sUlKPODgH,True,74
Pusha T,If You Know You Know,73,15,1,6bGwKHXHNLmTy6yt147FPh,True,62
Darius Rucker,For The First Time,58,12,10,0LG2cFomCi8Fb664Lvr3Nu,False,63
Luke Bryan,Most People Are Good,43,9,18,79LAFAkR1ATb4iIQvZuCL0,False,67
Pusha T,The Games We Play,100,20,1,7iEoaTyBCqLaAwJnOP1BTn,True,61
Kevin Gates,Change Lanes,68,14,1,59XHPyb0MTMElZpkG0Wp69,True,58
Kris Wu,Like That,73,15,1,4caEPudXQ1xDd1garjHPFv,False,43
Lil Baby,Southside,79,16,1,5lf3ajySox32qFvGEf2TFM,True,61
Kevin Gates,Let It Sing,82,17,1,090R9OdFMbQQksvwuXmNEY,True,47
Pharrell Williams x Camila Cabello,Sangria Wine,83,17,1,6XlSyYFTU1nodeWwwzVgTV,False,61
Post Malone,Stay,17,4,4,4H7WNRErSbONkM06blBoGc,True,77
J. Cole,ATM,6,2,5,2UciqgwVDwro0fev3MFbxJ,True,68
J. Cole,Kevin's Heart,8,2,5,6tZ3b7ik1QDXFAZlXib0YZ,True,73
Meghan Trainor,No Excuses,46,10,12,7fCNUWi6uflDTQ08srxMZk,False,65
YoungBoy Never Broke Again,Outside Today,31,7,19,3sA7HKGzcKTVscdiTCrWpX,True,70
Migos,Stir Fry,8,2,21,2UVbBKQOdFAekPTRsnkzcf,True,73
Post Malone,Over Now,24,5,3,09IOPhEh1OMe0HD9b36FJk,True,73
Post Malone,Zack And Codeine,23,5,3,5lZZmityu9TAjNvSY6GLhR,True,70
Tank,When We,78,16,20,2HWelwHQS4EdRqIycZOc3O,True,63
Post Malone,Takin' Shots,29,6,3,5ffntNJnJOeFv7b7DCd0Bw,True,70
Post Malone,92 Explorer,40,8,3,1D2L6MefbXon28PzIk9I3r,True,73
Nicki Minaj,Barbie Tingz,25,5,4,2qsQ8eVDPmobZpvDxQCVQu,True,66
Post Malone,Otherside,46,10,2,4qWCFTuNnmGNdY4egtb4ZY,True,70
Post Malone,Blame It On Me,47,10,2,1ZemPoaj7LBj1RAQrb89EC,False,70
YoungBoy Never Broke Again,Diamond Teeth Samurai,59,12,5,1k7KigfkZh2Xb6khqV1a0K,True,57
Mason Ramsey,Famous,62,13,2,1lasE4yXQmZ5mwWdGQGn8E,False,55
YoungBoy Never Broke Again,Preach,98,20,1,45RbAX2KxbPdNwUgeYA69j,True,54
Post Malone,Candy Paint,34,7,21,32lItqlMi4LBhb4k0BaSaC,True,78
Post Malone,Sugar Wraith,57,12,1,0MrRAUcB8AZiB9ue2VOBYe,True,70
J. Cole,Motiv8,15,3,2,1AT4xjNarTswd0UZ5FlmKF,True,66
Post Malone,Jonestown (Interlude),73,15,1,0R6Jlsq25eZB3Wftpxi3oF,False,60
J. Cole,Photograph,14,3,2,0bhnUFDQFCEHCBlsQfHnj5,True,64
J. Cole,Brackets,30,6,1,5sWbwccBcyHsg5LEKWGZo9,True,62
Avicii,Wake Me Up!,4,1,54,4h8VwCb1MTGoLKueQ1WgbD,False,84
Imagine Dragons,Thunder,4,1,52,1zB4vmk8tFRmM9UULNzbLB,False,84
NF,Let You Down,12,3,28,52okn5MNA47tk87PeZJLEL,False,82
Portugal. The Man,Feel It Still,4,1,45,6QgjcU0zLnzq5OrUoSZ3OK,False,79
J. Cole,Intro,53,11,1,4YwNf1fLZt9IQhJeHNWfBi,True,57
Brett Eldredge,The Long Way,65,13,12,5vuMtXS5kQ7F0o9V9rG1dG,False,64
Cardi B,Thru Your Phone,50,10,3,74cVJfmK18rhWnscIpGXjt,True,71
Post Malone,I Fall Apart,16,4,30,75ZvA4QfFiZvzhj2xkaWAh,True,83
G-Eazy & Halsey,Him & I,14,3,20,5k38wzpLb15YgncyWdTZE4,True,75
Halsey,Bad At Love,5,1,33,7y9iMe8SOB6z3NoHE2OfXl,False,75
Thomas Rhett,Marry Me,30,6,20,0OWZFobGSIW9GrSlQ9C5pc,False,71
Cardi B,Bickenhead,43,9,2,17Yq72h0p15OhCbZ5lJ5gd,True,59
Zayn,Let Me,73,15,1,0aVsVsOYDSEEigiwTrIab9,False,68
The Weeknd,Wasted Times,27,6,3,7DKS0rX27cCEPsK0R6tFWS,True,71
Cardi B,Get Up 10,38,8,2,7p2ewixAShLpjDZrnzZK7c,True,61
Cardi B,Money Bag,58,12,2,1vBeIXlzbAieGoDqInav5j,True,60
6ix9ine,Billy,50,10,8,5KhFaq45chTw8RGfWo8T8J,True,75
High Valley,She's With Me,79,16,8,2p2cCrOaNrIOLk5ArtlHy6,False,57
SZA,Broken Clocks,82,17,4,2fXwCWkh6YG5zU1IyvQrbs,True,72
Scotty McCreery,Five More Minutes,44,9,20,3qTmB5HxP9ilJaiM6B1yuk,False,68
6ix9ine,Gotti,99,20,1,27oFpFktCq9JIXjJQRuv7a,True,72
Derez De'Shon,Hardaway,61,13,11,25qhnRgAcImQWfaswqRkwN,True,55
Demi Lovato,Tell Me You Love Me,53,11,20,1MKZaAEx8RrzoQjHhVuvgs,False,68
The Weeknd,Try Me,26,6,2,4ppTAJUbNXELZcoUaL90wo,False,71
Chris Stapleton,Broken Halos,45,9,20,06gD2ZtK3Dzc1BYqWExQJJ,False,71
Devin Dawson,All On Me,52,11,20,2mfahQ0EaaZWq4cFNg6A1o,False,66
Alice Merton,No Roots,84,17,3,4CdfFYzaAJ0y0beKzmgJSn,False,58
The Weeknd,Privilege,52,11,1,0Nwar8rweBUyfyuoyjjUvk,True,68
YoungBoy Never Broke Again,No Smoke,61,13,18,57IRaiAB4hBZu3gnNVZC0v,True,66
Chris Brown,Tempo,88,18,4,0709StHzSeXpdj2zmqF2o2,True,61
"Tyler, The Creator",OKRA,89,18,1,74ZovzRxHBvCq5yIwe8boh,True,64
Luis Fonsi & Demi Lovato,Echame La Culpa,47,10,20,2hl6q70unbviGo3g1R7uFx,False,67
Old Dominion,Written In The Sand,51,11,20,2A69wys3S9uiPSmn6UZWJn,False,73
P!nk,Beautiful Trauma,78,16,15,2DlIwu1iDTILEMXA7MUotn,True,66
H.E.R.,Focus,100,20,1,3tZs3nVjySLbL320lP4mvs,False,67
6ix9ine,Gummo,12,3,20,4HbiCvH1R7mVOJ7KY7JQBD,True,72
Lil Xan,Betrayed,64,13,20,4vaxvNDaLSoD36iZX515ug,True,74
Logic,44 More,22,5,5,3e7Y6sfFlIdBMJhX7wpqVO,True,70
Blac Youngsta,Booty,73,15,5,0FbSpY8RPxTRxi1Fpj9Dz9,True,61
YBN Nahmir,Rubbin Off The Paint,46,10,17,6V4KHt9xu4TPEnDFoBeacT,True,68
Khalid,Young Dumb & Broke,18,4,36,5Z3GHaZ6ec9bsiI5BenrbY,False,82
Charlie Puth,How Long,21,5,24,6wmAHw1szh5RCKSRjiXhPe,False,73
XXXTENTACION,Going Down!,95,19,1,7CkbRn6S0itJqcqn88AtSV,True,67
The Chainsmokers,Everybody Hates Me,100,20,1,6ufrOaf4v6Qady6GiIpQ0s,False,64
Demi Lovato,Sorry Not Sorry,6,2,36,7gvd8xj4QgPqbQSsn5pV7d,True,79
Logic,Contra,60,12,1,7u90MSvVyEjL0c8icaE7jl,True,58
Logic,Overnight,68,14,1,3s3VVLE1kB7Xk2AoJKlGmr,True,58
Logic,Midnight,74,15,1,1GtVGc1UYin3zpMUdNSSpM,True,61
Logic,Yuck,87,18,1,0D5CXSUx8GOCHSY8KWgi9h,True,56
"ScHoolboy Q, 2 Chainz & Saudi",X,49,10,5,4LmAnpjlhWTahvRkYR8xJa,True,69
Logic,BoomTrap Protocol,97,20,1,4fZxGiES1FKbNqJPrI4L3s,True,56
SOB X RBE,Paramedic!,65,13,4,2tPcTFiQF9MbVUyjZ3zDhA,True,66
5 Seconds Of Summer,Want You Back,61,13,1,2vHfabj6nFebekTYODqntl,True,67
Russell Dickerson,Yours,49,10,20,3I4WFddKpe2PGZWFh7f10J,False,70
Walker Hayes,You Broke Up With Me,62,13,19,5jZF1nvKORdaHNjNNMRbFl,False,64
6ix9ine,Kooda,50,10,9,0tYHqwTW4s6VuPWDSD7n7K,True,69
Khalid & Swae Lee,The Ways,63,13,3,5jyyPsIGM2yqkZN9R3TmvN,True,65
Janelle Monae,Make Me Feel,99,20,1,5gW5dSy3vXJxgzma4rQuzH,True,66
Plies,Rock,95,19,5,0QVISdPWRllAmoDBG3DEHU,True,53
Ed Sheeran,Shape Of You,1,1,59,7qiZfU4dY1lWllzX7mPBI3,False,85
Sam Smith,Too Good At Goodbyes,4,1,24,3VlbOrM6nYPprVvzBZllE5,False,75
Lil Pump,Gucci Gang,3,1,24,43ZyHQITOjhciSUUNPVRHc,True,72
Kendrick Lamar & Travis Scott,Big Shot,71,15,2,5cXg9IQS34FzLVdHhp7hu7,True,68
Kelsea Ballerini,Legends,68,14,12,6vlxmQGwmlyp07YjkugV6K,False,57
Liam Payne & Rita Ora,For You (Fifty Shades Freed),76,16,3,66xn6tB8s3l8uhj02OGneE,False,65
WALK THE MOON,One Foot,65,13,8,0iQ77tSa7ncj7zBPtVx6cU,False,64
Keith Urban,Female,69,14,6,1t34UsQ634a233qysq6D6L,False,57
Justin Timberlake,Filthy,9,2,6,1L3NV7VrCiuE8C5QlhdeQL,False,51
Kendrick Lamar,Black Panther,91,19,1,5qN4HFkapdAOV94XPryVof,True,57
Brett Young,Like I Loved You,46,10,20,3T6MAweakkNrMYs8jZIWtg,False,67
Chris Young,Losing Sleep,60,12,20,6waqLPcT6ruMhmd36OhmFO,False,65
Justin Timberlake,Man Of The Woods,73,15,1,4KTU5aa5s547f1JF5DImhF,False,55
Drake,Diplomatic Immunity,7,2,3,4haJoBPbPj9QFKNpp9e8kx,True,55
The Chainsmokers,Sick Boy,65,13,3,58kZ9spgxmlEznXGu6FPdQ,False,72
Easton Corbin,A Girl Like You,98,20,1,3AsNVBJ7LHsltdu9490ZiS,False,59
Justin Timberlake,Supplies,71,15,2,6jT85s2dZ55HBqjXYi2rfI,False,54
Imagine Dragons,Believer,4,1,52,0pqnGHJpmpxLKifKRmU6WP,False,87
Migos,Supastars,53,11,1,7yt6eiZQCkVFEzwGp4Pbor,True,55
Migos,Gang Gang,73,15,1,6RKkHI2fkmgZq7uQPPav8f,True,59
Migos,Higher We Go (Intro),83,17,1,43dOwOq0mB4i6j4SpcSkqC,True,52
Migos,Auto Pilot,85,17,1,4Kw3CztmD15X1QGDnnHmLD,True,50
Migos,Emoji A Chain,87,18,1,0G9rmRmQDFk9O2tzZLyRkc,True,52
Eric Church,Round Here Buzz,56,12,19,52ioLaTnO2J7BWY8UN2n9D,False,63
21 Savage,Bank Account,12,3,29,2fQrGHiQOvpL9UgPvtYy6G,True,79
Charlie Puth,Attention,5,1,40,5cF0dROlMOK5uNZtivgu50,False,81
LANCO,Greatest Love Story,45,9,21,2yQZwi1P8AkkxxFhQ8rMEK,False,73
NF,No Name,82,17,1,7hdw5gAGMyyn9z0XgfTv1j,False,66
"Hugh Jackman, Keala Settle, Zac Efron, Zendaya & The Greatest Showman Ensemble",The Greatest Show,88,18,4,4ylWMuGbMXNDgDd8lErEle,False,74
Loren Allred,Never Enough,88,18,4,0Gl5s8IhMmQE5YQwM8Qx1J,False,75
Lil Baby,My Dawg,71,15,7,7CEJH5Ed7FBbXF6CqBQPlJ,True,62
SZA,The Weekend,29,6,25,6gU9OKjOE7ghfEd55oRO57,True,75
Troye Sivan,My My My!,80,16,1,4NiehSBQthimPzRsVeOgCT,False,73
"Farruko, Nicki Minaj, Bad Bunny, 21 Savage & Rvssian",Krippy Kush,75,15,6,038kavjqUaGIYZL5lYocvX,True,55
Taylor Swift,...Ready For It?,4,1,20,2yLa0QULdQr0qAIvVwN6B5,False,70
Bruno Mars,That's What I Like,1,1,52,0KKkJNfGyhkQ5aFogxQAPU,False,81
Maren Morris,I Could Use A Love Song,56,12,21,09iyGiljLWRYXdRazFkdtJ,False,72
Niall Horan,Too Much To Ask,66,14,12,39jXnbACjiaiTwwhsr5sY5,True,73
"Machine Gun Kelly, X Ambassadors & Bebe Rexha",Home,90,18,5,0OI7AFifLSoGzpb8bdBLLV,False,74
Yo Gotti,Juice,90,18,6,1psC5iHzQxaTMZ5dWGfM6I,True,55
P!nk,What About Us,13,3,22,0Qh38w01QRXK6KHIv0e3hb,False,75
Taylor Swift,Look What You Made Me Do,1,1,20,1P17dC1amhFzptugyAO7Il,False,75
Luke Bryan,Light It Up,57,12,19,5w3NgfV8v1nNZFLUBlGHIL,False,62
Tay-K,The Race,44,9,20,3wGXyJGsCf1myH5MooQIqE,True,72
Huncho Jack,Modern Slavery,68,14,1,7J6bnDDitOwfelaJNixHhL,True,61
Imagine Dragons + Khalid,Thunder/Young Dumb & Broke (Medley),69,14,1,7ER7vcy7u2ajg5IV45WBFw,False,64
Huncho Jack,Black & Chinese,71,15,1,628Ueb4sRiXApObhcU9iPU,True,65
Huncho Jack,Huncho Jack,87,18,1,5vuiHi3QYbwcm1OKJOYnrf,True,58
Huncho Jack,Motorcycle Patches,90,18,1,7g7raxdQpiLZT7aOlib4S1,True,66
Huncho Jack,Saint,92,19,1,7foypmc7KZyU716Yv63BPe,True,66
Addison Agen,Tennessee Rain,67,14,1,54p39OJ544KF6iFeCzbVjs,False,37
Chloe Kohanski,Wish I Didn't Love You,69,14,1,0SqmAwQrNyypiTroSwVjbX,False,26
Red Marlow,I Pray,84,17,1,4cF4l5ShMLqMCFeabt8Xa6,False,21
Eminem,Believe,92,19,1,4iTyf5pLZMOR8YrEZgSopo,True,61
Kendrick Lamar,Humble.,1,1,37,7KXjTSCq5nL1LoYtL7XAwS,True,82
Shawn Mendes,There's Nothing Holdin' Me Back,6,2,34,7JJmb5XwzOO8jgpou264Ml,False,81
Luke Combs,When It Rains It Pours,33,7,20,1mMLMZYXkMueg65jRRWG1l,False,79
Thomas Rhett,Unforgettable,47,10,20,30MM5jWpUmOxtTNd9Ey5LZ,False,70
Migos & Marshmello,Danger,82,17,1,0nhVrTiCGiGRCoZOJiWzm1,True,72
Eminem,Untouchable,86,18,1,6IvespQWGW4USXwexlVKDm,True,53
Kelly Clarkson,Love So Soft,47,10,13,16QN8cBubEq706vNtPpOME,False,59
Kodak Black,Transportin',46,10,16,1WIZiOuNO3woKfdlSK2gNn,True,70
Lil Uzi Vert,Sauce It Up,49,10,15,1uL78kFWxhz3umTMWJu8n5,True,69
Kesha,Praying,22,5,21,0jdny0dhgjUwoIp5GkqEaA,False,74
blackbear,Do Re Mi,40,8,25,3Q3myFA7q4Op95DOpHplaY,True,78
Niall Horan,Slow Hands,11,3,31,2cOUlop2ZakjOKe4WinesN,False,76
Chris Janson,Fix A Drink,67,14,14,0s6OWiWGuiCcm1Muzch5A8,False,63
Post Malone,Go Flex,76,16,11,5yuShbu70mtHXY0yLzCQLQ,True,79
Chloe Kohanski,Total Eclipse Of The Heart,99,20,1,1pFkLWesh2zpoFTs2g4SFt,False,25
Lil Peep,Awful Things,79,16,1,7Hr2XoaGpIMKbNXCZDZ3le,True,74
Carly Pearce,Every Little Thing,50,10,17,2wxfu24GQpEZQrjDJm5Ac1,False,62
Chris Brown,Questions,78,16,13,3ojTJaonfkL96iIWa47SU3,False,67
Lil Uzi Vert,XO TOUR Llif3,7,2,34,7GX5flRQZVHRAGd6B4TmDO,True,84
The Chainsmokers & Coldplay,Something Just Like This,3,1,39,1dNIEtp7AY3oDAKCGg2XkH,False,75
Taylor Swift,Call It What You Want,27,6,2,1GwMQaZz6Au3QLDbjbMdme,False,68
Taylor Swift,Gorgeous,13,3,4,1ZY1PqizIl78geGM4xWlEA,False,70
Florida Georgia Line,Smooth,89,18,7,31x4wWBghN7f5PiEZUmcAW,False,59
G-Eazy,The Plan,96,20,1,7fOPVfABNLg3sxtgXBhBdp,True,57
Sam Hunt,Body Like A Back Road,6,2,41,7mldq42yDuxiUNn08nvzHO,False,77
Khalid,Location,16,4,43,152lZdxL1OR0ZMW6KquMif,False,80
Jon Pardi,Heartache On The Dance Floor,47,10,18,0w3Q14i073jLoew1hgJkwD,False,73
Jacquees,B.E.D.,69,14,13,1B6TmCvKjC4dopBohVW51x,True,69
Kenny Chesney,All The Pretty Girls,63,13,14,66pxmg3Jhjm09tHoWR1wVR,False,70
Kip Moore,More Girls Like You,66,14,12,73WWkaWkIRSP3MYGZ14aY4,False,61
Future,Feed Me Dope,68,14,1,3lyeSiAIdLoZUHhV8psOTI,True,54
Future,4 Da Gang,92,19,1,3IJ6BBFLD2I2CH3hHFQj3O,True,53
Justin Bieber + BloodPop,Friends,20,4,10,7iNIg7XDEaYECfWD5dJ9Va,False,72
Liam Payne,Bedroom Floor,98,20,1,1OG4nxGMy72EklX2DwcN3Z,False,54
James Arthur,Say You Won't Let Go,11,3,52,5uCax9HTNlzGybIStD3vDh,False,84
Dustin Lynch,Small Town Boy,36,8,20,2YMhrXQYKkm4kXLcXKKd5z,False,73
Jason Aldean,They Don't Know,67,14,12,3bzE57iNavJJxXL9GgBiOK,False,56
Billy Currington,Do I Make You Wanna,47,10,19,3I7krC8kr0gFR7P6vInR1I,False,71
A Boogie Wit da Hoodie,No Promises,74,15,2,2BJpuAoDeQ1QuPvnryfAWK,True,57
A Boogie Wit da Hoodie,Say A',75,15,2,3AMnOVxEHUgVrythGgqPhI,True,62
BTS,DNA,67,14,4,5SE57ljOIUJ1ybL9U6CuBH,False,71
